season,player_id,player_name,team,position,price,total_points,minutes,goals_scored,assists,clean_sheets,goals_conceded,own_goals,penalties_saved,penalties_missed,yellow_cards,red_cards,saves,bonus,bps,influence,creativity,threat,ict_index,form,points_per_game,value_season,value_form,selected_by_percent,transfers_in,transfers_out,status,news,current_gw,games_played,points_per_90,consistency_proxy,goal_involvement,points_per_million,transfer_trend,playing_time_pct,position_name
2024-25,1,Raya,ARS,1,6.0,122,2700,0,0,14,22,0,0,0,1,0,47,6,487,425.8,33.4,0.0,46.0,3.2,4.1,20.3,0.5,34.6,4057762,2363950,a,,29,30,4.066666666666666,0.823529411764706,0,20.333333333333332,1693812,1.0344827586206897,GK
2024-25,2,Arrizabalaga,ARS,1,4.1,0,0,0,0,0,0,0,0,0,0,0,0,0,0,0.0,0.0,0.0,0.0,0.0,0.0,0.0,0.0,0.4,14592,76867,a,,29,0,0.0,1.0,0,0.0,-62275,0.0,GK
2024-25,3,Hein,ARS,1,4.0,0,0,0,0,0,0,0,0,0,0,0,0,0,0,0.0,0.0,0.0,0.0,0.0,0.0,0.0,0.0,0.2,5545,48196,u,Has joined Werder Bremen on loan for the rest of the season.,29,0,0.0,1.0,0,0.0,-42651,0.0,GK
2024-25,4,Setford,ARS,1,3.9,0,0,0,0,0,0,0,0,0,0,0,0,0,0,0.0,0.0,0.0,0.0,0.0,0.0,0.0,0.0,0.2,33787,33603,a,,29,0,0.0,1.0,0,0.0,184,0.0,GK
2024-25,5,Gabriel,ARS,2,7.2,164,2075,3,4,13,15,0,0,0,3,0,0,24,563,665.6,105.4,196.0,96.5,5.8,6.8,22.8,0.8,43.6,8190395,5203088,a,,29,23,7.113253012048192,0.8717948717948718,7,22.77777777777778,2987307,0.7950191570881227,DEF
2024-25,6,Saliba,ARS,2,6.1,96,1984,1,0,10,16,0,0,0,1,0,0,6,412,400.0,124.6,72.0,59.7,2.6,4.0,15.7,0.4,13.4,1903790,2231442,a,,29,22,4.354838709677419,0.72,1,15.737704918032788,-327652,0.7601532567049808,DEF
2024-25,7,Calafiori,ARS,2,5.6,87,1373,1,2,10,8,0,0,0,5,0,0,4,310,233.2,110.2,230.0,57.4,0.6,4.1,15.5,0.1,6.0,2632947,2462873,a,,29,15,5.702840495265841,0.3137254901960784,3,15.535714285714286,170074,0.5260536398467432,DEF
2024-25,8,J.Timber,ARS,2,6.3,148,2415,3,6,13,20,0,0,0,5,0,0,9,529,492.0,401.0,350.0,124.6,5.4,5.1,23.5,0.9,28.7,6654845,3775152,a,,29,26,5.515527950310559,0.9508196721311474,9,23.492063492063494,2879693,0.9252873563218391,DEF
2024-25,9,Kiwior,ARS,2,5.4,0,0,0,0,0,0,0,0,0,0,0,0,0,0,0.0,0.0,0.0,0.0,0.0,0.0,0.0,0.0,0.0,1119,10911,u,has joined Porto on loan for the rest of the season.,29,0,0.0,1.0,0,0.0,-9792,0.0,DEF
2024-25,10,Lewis-Skelly,ARS,2,5.1,12,311,0,0,0,5,0,0,0,3,0,0,0,36,31.2,45.5,18.0,9.4,0.0,0.9,2.4,0.0,1.4,134969,466162,a,,29,3,3.4726688102893895,0.5263157894736842,0,2.3529411764705883,-331193,0.11915708812260536,DEF
2024-25,11,White,ARS,2,5.1,30,409,0,1,3,4,0,0,0,0,0,0,3,112,111.4,92.7,46.0,25.0,0.0,4.3,5.9,0.0,0.5,346916,408117,a,,29,4,6.601466992665037,0.18867924528301883,1,5.882352941176471,-61201,0.15670498084291187,DEF
2024-25,13,Clarke,ARS,2,3.8,0,0,0,0,0,0,0,0,0,0,0,0,0,0,0.0,0.0,0.0,0.0,0.0,0.0,0.0,0.0,0.4,51889,78819,a,,29,0,0.0,1.0,0,0.0,-26930,0.0,DEF
2024-25,14,Kacurri,ARS,2,3.9,0,0,0,0,0,0,0,0,0,0,0,0,0,0,0.0,0.0,0.0,0.0,0.0,0.0,0.0,0.0,0.1,10218,22684,u,has joined Morecambe on loan for the rest of the season.,29,0,0.0,1.0,0,0.0,-12466,0.0,DEF
2024-25,15,Nichols,ARS,2,3.7,0,0,0,0,0,0,0,0,0,0,0,0,0,0,0.0,0.0,0.0,0.0,0.0,0.0,0.0,0.0,0.2,30292,29907,a,,29,0,0.0,1.0,0,0.0,385,0.0,DEF
2024-25,16,Saka,ARS,3,9.8,130,1905,6,8,9,16,0,0,0,1,0,0,14,485,529.4,696.1,727.0,195.5,5.8,5.0,13.3,0.6,8.2,4102438,5041064,a,,29,21,6.141732283464567,0.8666666666666667,14,13.265306122448978,-938626,0.7298850574712644,MID
2024-25,17,Ødegaard,ARS,3,7.8,62,1070,1,6,4,11,0,0,0,0,0,0,5,252,259.6,434.7,144.0,83.7,1.0,3.1,7.9,0.1,1.6,377011,642274,d,Knee injury - 50% chance of playing,29,11,5.214953271028038,0.4878048780487805,7,7.948717948717949,-265263,0.4099616858237548,MID
2024-25,18,Madueke,ARS,3,6.8,51,829,2,1,5,7,0,0,0,0,0,0,6,174,182.2,242.3,284.0,70.8,2.8,2.7,7.5,0.4,1.0,367449,399005,a,,29,9,5.536791314837154,0.972972972972973,3,7.5,-31556,0.31762452107279693,MID
2024-25,19,Martinelli,ARS,3,6.8,43,810,1,3,2,5,0,0,0,2,0,0,1,144,147.2,128.8,320.0,58.9,1.2,1.8,6.3,0.2,0.9,185890,260656,a,,29,9,4.777777777777778,0.7857142857142857,4,6.323529411764706,-74766,0.3103448275862069,MID
2024-25,20,Trossard,ARS,3,6.7,99,1675,5,5,8,14,0,0,0,1,0,0,9,351,407.4,450.0,432.0,129.2,1.4,3.8,14.8,0.2,0.9,535266,480677,d,Knock - 75% chance of playing,29,18,5.319402985074627,0.5,10,14.776119402985074,54589,0.6417624521072797,MID
2024-25,21,Rice,ARS,3,7.4,160,2490,4,9,13,21,0,0,0,2,0,0,21,678,719.6,867.7,265.0,185.4,5.2,5.5,21.6,0.7,30.0,6924612,4256319,a,,29,27,5.783132530120481,0.9538461538461539,13,21.62162162162162,2668293,0.9540229885057471,MID
2024-25,22,Merino,ARS,3,5.4,66,996,4,3,4,9,0,0,0,1,0,0,5,238,304.4,187.0,237.0,72.6,0.0,3.1,12.2,0.0,0.8,835943,840590,i,Foot injury - Unknown return date,29,11,5.963855421686747,0.24390243902439013,7,12.222222222222221,-4647,0.3816091954022989,MID
2024-25,23,Fábio Vieira,ARS,3,5.4,0,0,0,0,0,0,0,0,0,0,0,0,0,0,0.0,0.0,0.0,0.0,0.0,0.0,0.0,0.0,0.0,933,4429,u,has joined Hamburger on loan for the rest of the season.,29,0,0.0,1.0,0,0.0,-3496,0.0,MID
2024-25,24,Nørgaard,ARS,3,5.1,6,56,0,0,0,1,0,0,0,0,0,0,0,19,15.8,0.4,7.0,2.4,0.4,1.0,1.2,0.1,0.1,7699,61226,a,,29,0,9.642857142857142,0.7,0,1.1764705882352942,-53527,0.021455938697318006,MID
2024-25,25,Nwaneri,ARS,3,5.0,8,165,0,0,1,0,0,0,0,0,0,0,0,20,8.6,22.5,24.0,5.4,0.0,1.3,1.6,0.0,0.1,13149,36954,u,has joined Marseille on loan for the rest of the season.,29,1,4.363636363636363,0.4347826086956521,0,1.6,-23805,0.06321839080459771,MID
2024-25,26,Zubimendi,ARS,3,5.2,114,2524,5,1,14,20,0,0,0,4,0,0,9,517,531.6,319.1,243.0,109.5,2.6,3.8,21.9,0.5,4.3,1315842,1072107,a,,29,28,4.064976228209192,0.75,6,21.923076923076923,243735,0.9670498084291188,MID
2024-25,28,Kabia,ARS,3,4.5,0,0,0,0,0,0,0,0,0,0,0,0,0,0,0.0,0.0,0.0,0.0,0.0,0.0,0.0,0.0,0.1,6731,30266,u,has joined Shrewsbury Town on loan for the rest of the season.,29,0,0.0,1.0,0,0.0,-23535,0.0,MID
2024-25,29,Sambi,ARS,3,4.5,0,0,0,0,0,0,0,0,0,0,0,0,0,0,0.0,0.0,0.0,0.0,0.0,0.0,0.0,0.0,0.0,2952,14083,u,has joined Hamburger permanently.,29,0,0.0,1.0,0,0.0,-11131,0.0,MID
2024-25,30,Havertz,ARS,4,7.3,10,201,0,1,2,0,0,0,0,0,0,0,0,50,35.6,33.3,45.0,11.5,0.4,2.0,1.4,0.1,0.5,112274,196155,a,,29,2,4.477611940298508,0.4666666666666667,1,1.36986301369863,-83881,0.07701149425287357,FWD
2024-25,31,G.Jesus,ARS,4,6.4,17,304,2,0,0,6,0,0,0,2,0,0,0,68,100.6,24.9,207.0,33.0,0.0,1.5,2.7,0.0,0.4,147305,120710,a,,29,3,5.032894736842105,0.4,2,2.65625,26595,0.11647509578544062,FWD
2024-25,266,Eze,ARS,3,7.2,91,1404,6,3,7,10,0,0,0,1,0,0,8,346,335.4,223.3,351.0,90.8,4.2,3.6,12.6,0.6,8.1,3354051,3732181,a,,29,15,5.833333333333333,0.8695652173913043,9,12.63888888888889,-378130,0.5379310344827586,MID
2024-25,662,Mosquera,ARS,2,5.3,27,615,0,0,2,5,0,0,0,2,0,0,1,137,143.4,37.6,8.0,18.9,2.0,2.1,5.1,0.4,0.1,45782,52159,a,,29,6,3.951219512195122,0.967741935483871,0,5.09433962264151,-6377,0.23563218390804597,DEF
2024-25,666,Gyökeres,ARS,4,8.8,94,1859,10,0,10,11,0,0,0,4,0,0,11,348,373.8,210.8,589.0,116.5,3.8,3.4,10.7,0.4,12.0,3429000,4989833,a,,29,20,4.550833781603012,0.9090909090909092,10,10.681818181818182,-1560833,0.7122605363984674,FWD
2024-25,700,Dowman,ARS,3,4.2,5,27,0,1,0,0,0,0,0,0,0,0,0,13,1.0,0.8,26.0,2.8,0.0,2.5,1.2,0.0,0.5,186235,140406,a,,29,0,16.666666666666664,0.2857142857142857,1,1.1904761904761905,45829,0.010344827586206896,MID
2024-25,711,Harriman-Annous,ARS,3,4.4,0,0,0,0,0,0,0,0,0,0,0,0,0,0,0.0,0.0,0.0,0.0,0.0,0.0,0.0,0.0,0.0,1910,1796,a,,29,0,0.0,1.0,0,0.0,114,0.0,MID
2024-25,725,Hincapie,ARS,2,5.1,70,1483,1,1,4,16,1,0,0,2,0,0,6,264,359.0,157.5,53.0,56.8,5.6,3.5,13.7,1.1,0.9,528676,427380,a,,29,16,4.248145650708024,0.5333333333333334,2,13.725490196078432,101296,0.5681992337164751,DEF
2024-25,759,Salmon,ARS,2,4.0,0,0,0,0,0,0,0,0,0,0,0,0,0,0,0.0,0.0,0.0,0.0,0.0,0.0,0.0,0.0,0.0,1337,1154,a,,29,0,0.0,1.0,0,0.0,183,0.0,DEF
2024-25,32,Martinez,AVL,1,5.1,97,2205,0,0,6,26,0,1,0,2,0,72,10,422,571.0,13.2,0.0,58.4,3.2,3.9,19.0,0.6,4.4,936340,640469,a,,29,24,3.9591836734693877,0.8571428571428572,0,19.019607843137255,295871,0.8448275862068966,GK
2024-25,33,M.Bizot,AVL,1,4.2,11,405,0,0,1,8,0,0,0,2,0,13,0,51,92.8,0.0,0.0,9.3,0.0,2.2,2.6,0.0,0.4,83737,115101,a,,29,4,2.4444444444444446,0.3125,0,2.619047619047619,-31364,0.15517241379310345,GK
2024-25,34,Gauci,AVL,1,4.0,0,0,0,0,0,0,0,0,0,0,0,0,0,0,0.0,0.0,0.0,0.0,0.0,0.0,0.0,0.0,0.1,0,17387,u,Has joined Port Vale on loan for the rest of the season.,29,0,0.0,1.0,0,0.0,-17387,0.0,GK
2024-25,35,Marschall,AVL,1,4.0,0,0,0,0,0,0,0,0,0,0,0,0,0,0,0.0,0.0,0.0,0.0,0.0,0.0,0.0,0.0,0.0,0,1268,u,Has joined Stevenage permanently.,29,0,0.0,1.0,0,0.0,-1268,0.0,GK
2024-25,36,Cash,AVL,2,4.8,100,2352,3,2,7,27,0,0,0,7,0,0,6,379,533.0,413.7,188.0,113.5,0.2,3.7,20.8,0.0,9.2,2810643,2030475,d,Calf injury - 75% chance of playing,29,26,3.826530612244898,0.25531914893617025,5,20.833333333333336,780168,0.9011494252873563,DEF
2024-25,37,Digne,AVL,2,4.5,74,1378,0,4,6,14,0,0,0,3,0,0,4,289,279.6,308.9,108.0,69.5,0.5,3.1,16.4,0.1,1.5,311183,360979,a,,29,15,4.833091436865022,0.36585365853658525,4,16.444444444444443,-49796,0.5279693486590038,DEF
2024-25,38,Konsa,AVL,2,4.4,88,2495,0,1,8,33,0,0,0,0,1,0,3,433,499.6,87.7,104.0,69.6,3.5,3.1,20.0,0.8,8.0,730526,2021936,a,,29,27,3.174348697394789,0.9024390243902439,1,20.0,-1291410,0.9559386973180076,DEF
2024-25,39,Maatsen,AVL,2,4.2,39,1243,0,0,2,20,0,0,0,2,0,0,0,199,258.2,299.0,186.0,74.5,2.8,1.7,9.3,0.7,0.6,82478,108659,a,,29,13,2.823813354786806,0.5925925925925927,0,9.285714285714285,-26181,0.4762452107279693,DEF
2024-25,40,Mings,AVL,2,4.3,41,872,0,1,3,12,0,0,0,0,0,0,4,148,198.6,69.7,55.0,32.4,3.5,3.4,9.5,0.8,0.7,153561,201582,a,,29,9,4.2316513761467895,0.9772727272727273,1,9.534883720930234,-48021,0.3340996168582375,DEF
2024-25,41,Pau,AVL,2,4.3,50,1296,0,1,4,15,1,0,0,0,0,0,2,225,251.8,37.8,55.0,34.7,0.2,3.1,11.6,0.0,0.3,70910,96887,a,,29,14,3.472222222222222,0.2926829268292682,1,11.627906976744187,-25977,0.496551724137931,DEF
2024-25,42,A.García,AVL,2,3.9,2,33,0,0,0,2,0,0,0,0,0,0,0,0,0.8,1.6,0.0,0.2,0.2,0.7,0.5,0.1,0.2,28637,40978,a,,29,0,5.454545454545455,0.7058823529411765,0,0.5128205128205129,-12341,0.01264367816091954,DEF
2024-25,43,Alex Moreno,AVL,2,4.0,0,0,0,0,0,0,0,0,0,0,0,0,0,0,0.0,0.0,0.0,0.0,0.0,0.0,0.0,0.0,1.6,44476,887824,u,Has joined Girona permanently.,29,0,0.0,1.0,0,0.0,-843348,0.0,DEF
2024-25,44,Bogarde,AVL,2,4.0,33,707,0,0,2,10,0,0,0,5,0,0,4,105,94.8,46.8,10.0,15.1,2.0,1.4,8.2,0.5,0.5,107483,91279,a,,29,7,4.200848656294201,0.75,0,8.25,16204,0.27088122605363985,DEF
2024-25,45,Sousa,AVL,2,3.8,0,0,0,0,0,0,0,0,0,0,0,0,0,0,0.0,0.0,0.0,0.0,0.0,0.0,0.0,0.0,0.3,22076,37823,u,has joined Rotherham on loan for the rest of the season.,29,0,0.0,1.0,0,0.0,-15747,0.0,DEF
2024-25,46,Yasin,AVL,2,4.0,0,0,0,0,0,0,0,0,0,0,0,0,0,0,0.0,0.0,0.0,0.0,0.0,0.0,0.0,0.0,0.1,4656,20992,u,has joined Anderlecht on loan for the rest of the season.,29,0,0.0,1.0,0,0.0,-16336,0.0,DEF
2024-25,47,Rogers,AVL,3,7.5,130,2587,8,5,8,34,0,0,0,6,0,0,13,456,592.6,527.6,710.0,182.9,1.8,4.5,17.3,0.2,25.6,5939422,3823501,a,,29,28,4.522613065326634,0.509090909090909,13,17.333333333333332,2115921,0.9911877394636015,MID
2024-25,48,Tielemans,AVL,3,5.9,52,1295,0,4,4,17,0,0,0,0,0,0,3,289,317.2,401.3,147.0,86.6,0.0,3.1,8.8,0.0,0.6,158245,348624,i,Ankle injury - Expected back 11 Apr,29,14,3.613899613899614,0.24390243902439013,4,8.813559322033898,-190379,0.49616858237547895,MID
2024-25,49,Bailey,AVL,3,5.5,11,282,0,1,0,6,0,0,0,1,0,0,0,39,50.8,109.7,43.0,20.4,2.0,1.6,2.0,0.4,0.1,7268,50443,a,,29,3,3.5106382978723403,0.8461538461538463,1,2.0,-43175,0.10804597701149425,MID
2024-25,50,Buendía,AVL,3,5.3,79,1355,5,2,3,16,0,0,0,5,0,0,8,276,331.6,303.5,304.0,92.6,1.2,2.9,14.9,0.2,0.4,223121,193191,a,,29,15,5.247232472324724,0.5641025641025641,7,14.90566037735849,29930,0.5191570881226054,MID
2024-25,51,Iling Jr,AVL,3,5.5,0,0,0,0,0,0,0,0,0,0,0,0,0,0,0.0,0.0,0.0,0.0,0.0,0.0,0.0,0.0,0.0,1383,3791,u,has joined Pisa on loan for the rest of the season.,29,0,0.0,1.0,0,0.0,-2408,0.0,MID
2024-25,53,Malen,AVL,3,5.1,55,640,4,2,1,10,0,0,0,0,0,0,3,161,183.4,99.7,290.0,56.3,0.0,2.6,10.8,0.0,0.4,172896,339132,u,has joined Roma on loan for the rest of the season.,29,7,7.734375,0.2777777777777778,6,10.784313725490197,-166236,0.24521072796934865,MID
2024-25,54,McGinn,AVL,3,5.3,71,1591,3,2,7,21,0,0,0,3,0,0,4,289,308.2,385.2,193.0,88.8,0.0,3.2,13.4,0.0,0.5,208451,244360,a,,29,17,4.0163419233186675,0.23809523809523814,5,13.39622641509434,-35909,0.6095785440613026,MID
2024-25,55,Barkley,AVL,3,4.8,20,243,1,1,0,3,0,0,0,0,0,0,0,88,82.8,87.9,65.0,23.5,1.0,1.7,4.2,0.2,0.0,5651,12284,a,,29,2,7.407407407407407,0.7407407407407407,2,4.166666666666667,-6633,0.09310344827586207,MID
2024-25,56,Barrenechea,AVL,3,5.0,0,0,0,0,0,0,0,0,0,0,0,0,0,0,0.0,0.0,0.0,0.0,0.0,0.0,0.0,0.0,0.0,0,35,u,Season-long loan to Benfica,29,0,0.0,1.0,0,0.0,-35,0.0,MID
2024-25,57,Dobbin,AVL,3,5.0,0,0,0,0,0,0,0,0,0,0,0,0,0,0,0.0,0.0,0.0,0.0,0.0,0.0,0.0,0.0,0.0,889,5438,u,Has joined Preston North End on loan for the rest of the season.,29,0,0.0,1.0,0,0.0,-4549,0.0,MID
2024-25,58,Kamara,AVL,3,4.9,61,1410,1,3,5,15,0,0,0,5,0,0,7,282,325.0,241.3,75.0,64.2,0.0,3.4,12.4,0.0,0.2,111386,119131,i,Knee injury - Expected back 01 Jun,29,15,3.893617021276596,0.2272727272727274,4,12.448979591836734,-7745,0.5402298850574713,MID
2024-25,59,Onana,AVL,3,4.8,64,1378,2,0,5,19,0,0,0,2,0,0,3,285,326.8,86.0,125.0,53.7,2.2,3.2,13.3,0.5,0.7,160258,276027,a,,29,15,4.179970972423803,0.7619047619047619,2,13.333333333333334,-115769,0.5279693486590038,MID
2024-25,60,Broggio,AVL,3,4.4,0,0,0,0,0,0,0,0,0,0,0,0,0,0,0.0,0.0,0.0,0.0,0.0,0.0,0.0,0.0,0.3,38290,51355,u,has joined Falkirk on loan for the rest of the season.,29,0,0.0,1.0,0,0.0,-13065,0.0,MID
2024-25,61,Dendoncker,AVL,3,4.5,0,0,0,0,0,0,0,0,0,0,0,0,0,0,0.0,0.0,0.0,0.0,0.0,0.0,0.0,0.0,0.1,2169,33694,u,Has joined Real Oviedo permanently.,29,0,0.0,1.0,0,0.0,-31525,0.0,MID
2024-25,62,Jimoh-Aloba,AVL,3,4.5,1,8,0,0,0,0,0,0,0,0,0,0,0,3,0.2,0.3,0.0,0.1,0.0,1.0,0.2,0.0,0.1,8790,10648,u,has joined West Brom on loan for the rest of the season.,29,0,11.25,0.5,0,0.2222222222222222,-1858,0.0030651340996168583,MID
2024-25,63,Young,AVL,3,4.3,0,0,0,0,0,0,0,0,0,0,0,0,0,0,0.0,0.0,0.0,0.0,0.0,0.0,0.0,0.0,0.5,102090,128188,u,has joined Reading on loan for the rest of the season.,29,0,0.0,1.0,0,0.0,-26098,0.0,MID
2024-25,64,Watkins,AVL,4,8.5,100,2144,8,2,8,29,0,0,0,2,0,0,11,352,387.6,226.6,778.0,138.6,1.8,3.6,11.8,0.2,7.8,2218010,4304114,a,,29,23,4.197761194029851,0.6086956521739131,10,11.764705882352942,-2086104,0.821455938697318,FWD
2024-25,65,Redmond,AVL,4,4.5,0,0,0,0,0,0,0,0,0,0,0,0,0,0,0.0,0.0,0.0,0.0,0.0,0.0,0.0,0.0,0.3,17574,85031,u,has joined Huddersfield Town on loan for the rest of the season.,29,0,0.0,1.0,0,0.0,-67457,0.0,FWD
2024-25,389,Elliott,AVL,3,5.1,5,110,0,0,0,2,0,0,0,0,0,0,0,17,11.8,31.7,31.0,7.4,0.0,1.0,1.0,0.0,0.2,94109,103456,a,,29,1,4.090909090909091,0.5,0,0.9803921568627452,-9347,0.0421455938697318,MID
2024-25,456,Sancho,AVL,3,5.8,26,686,0,1,1,5,0,0,0,0,0,0,0,106,102.4,248.3,176.0,52.9,1.0,1.4,4.5,0.2,0.2,50393,52239,n,Ineligible to face his parent club on 15/3. - Expected back 22 Mar,29,7,3.4110787172011663,0.8333333333333334,1,4.482758620689656,-1846,0.2628352490421456,MID
2024-25,688,Wright,AVL,1,3.9,0,0,0,0,0,0,0,0,0,0,0,0,0,0,0.0,0.0,0.0,0.0,0.0,0.0,0.0,0.0,0.6,61517,44986,a,,29,0,0.0,1.0,0,0.0,16531,0.0,GK
2024-25,699,Douglas Luiz,AVL,3,4.9,28,770,1,1,1,13,0,0,0,2,0,0,0,179,162.6,262.2,83.0,50.7,3.2,2.0,5.7,0.7,0.1,26928,20341,a,,29,8,3.2727272727272725,0.5999999999999999,2,5.7142857142857135,6587,0.2950191570881226,MID
2024-25,701,Rowe,AVL,2,4.0,0,0,0,0,0,0,0,0,0,0,0,0,0,0,0.0,0.0,0.0,0.0,0.0,0.0,0.0,0.0,0.1,8943,10739,u,has joined Annecy on loan for the rest of the season.,29,0,0.0,1.0,0,0.0,-1796,0.0,DEF
2024-25,702,Burrowes,AVL,3,4.4,1,16,0,0,0,1,0,0,0,0,0,0,0,3,0.0,0.3,0.0,0.0,0.0,1.0,0.2,0.0,0.1,9948,9023,a,,29,0,5.625,0.5,0,0.22727272727272727,925,0.006130268199233717,MID
2024-25,703,Proctor,AVL,1,3.9,0,0,0,0,0,0,0,0,0,0,0,0,0,0,0.0,0.0,0.0,0.0,0.0,0.0,0.0,0.0,0.6,93100,43464,a,,29,0,0.0,1.0,0,0.0,49636,0.0,GK
2024-25,710,Patterson,AVL,2,3.9,0,0,0,0,0,0,0,0,0,0,0,0,0,0,0.0,0.0,0.0,0.0,0.0,0.0,0.0,0.0,0.2,33326,23039,a,,29,0,0.0,1.0,0,0.0,10287,0.0,DEF
2024-25,719,Lindelöf,AVL,2,4.5,22,572,0,1,1,9,0,0,0,0,0,0,0,94,123.8,27.5,8.0,16.0,0.2,1.8,4.9,0.0,0.1,20867,14473,a,,29,6,3.4615384615384617,0.4285714285714285,1,4.888888888888889,6394,0.21915708812260537,DEF
2024-25,754,George Hemmings,AVL,3,4.5,2,25,0,0,0,0,0,0,0,0,0,0,0,5,0.0,1.7,2.0,0.3,0.0,1.0,0.4,0.0,0.0,1133,713,a,,29,0,7.2,0.5,0,0.4444444444444444,420,0.009578544061302681,MID
2024-25,757,Hollingshead,AVL,1,4.0,0,0,0,0,0,0,0,0,0,0,0,0,0,0,0.0,0.0,0.0,0.0,0.0,0.0,0.0,0.0,0.0,1290,871,a,,29,0,0.0,1.0,0,0.0,419,0.0,GK
2024-25,768,Leon Routh,AVL,2,4.0,0,0,0,0,0,0,0,0,0,0,0,0,0,0,0.0,0.0,0.0,0.0,0.0,0.0,0.0,0.0,0.0,680,599,a,,29,0,0.0,1.0,0,0.0,81,0.0,DEF
2024-25,781,Carroll,AVL,2,4.0,0,0,0,0,0,0,0,0,0,0,0,0,0,0,0.0,0.0,0.0,0.0,0.0,0.0,0.0,0.0,0.0,728,454,a,,29,0,0.0,1.0,0,0.0,274,0.0,DEF
2024-25,792,Alysson,AVL,3,5.0,3,47,0,0,0,2,0,0,0,0,0,0,0,11,3.2,3.5,10.0,1.5,0.8,1.0,0.6,0.2,0.0,268,168,a,,29,0,5.744680851063829,0.9,0,0.6,100,0.01800766283524904,MID
2024-25,808,Abraham,AVL,4,6.0,13,163,1,0,0,2,0,0,0,0,0,0,2,46,45.8,37.3,89.0,17.3,2.5,2.2,2.2,0.4,0.3,81238,47978,a,,29,1,7.177914110429447,0.90625,1,2.1666666666666665,33260,0.06245210727969348,FWD
2024-25,183,Weiss,BUR,1,4.3,0,0,0,0,0,0,0,0,0,0,0,0,0,0,0.0,0.0,0.0,0.0,0.0,0.0,0.0,0.0,0.1,7732,17287,a,,29,0,0.0,1.0,0,0.0,-9555,0.0,GK
2024-25,184,Green,BUR,1,4.0,0,0,0,0,0,0,0,0,0,0,0,0,0,0,0.0,0.0,0.0,0.0,0.0,0.0,0.0,0.0,0.2,4943,33977,u,has joined FC Fredericia permanently.,29,0,0.0,1.0,0,0.0,-29034,0.0,GK
2024-25,185,Hladký,BUR,1,3.9,0,0,0,0,0,0,0,0,0,0,0,0,0,0,0.0,0.0,0.0,0.0,0.0,0.0,0.0,0.0,0.2,15098,20414,a,,29,0,0.0,1.0,0,0.0,-5316,0.0,GK
2024-25,186,Roberts,BUR,2,4.3,0,0,0,0,0,0,0,0,0,0,0,0,0,0,0.0,0.0,0.0,0.0,0.0,0.0,0.0,0.0,0.0,1617,9204,i,Achilles injury - Expected back 11 Apr,29,0,0.0,1.0,0,0.0,-7587,0.0,DEF
2024-25,187,Walker,BUR,2,4.4,55,2371,0,2,3,51,0,0,0,8,0,0,3,165,391.4,162.8,22.0,57.9,1.2,2.0,12.5,0.3,1.1,150157,262035,a,,29,26,2.0877266975959508,0.7333333333333334,2,12.499999999999998,-111878,0.9084291187739464,DEF
2024-25,188,Delcroix,BUR,2,3.8,0,0,0,0,0,0,0,0,0,0,0,0,0,0,0.0,0.0,0.0,0.0,0.0,0.0,0.0,0.0,0.2,26052,41586,u,has joined Lugano permanently.,29,0,0.0,1.0,0,0.0,-15534,0.0,DEF
2024-25,189,Dodgson,BUR,2,4.0,0,0,0,0,0,0,0,0,0,0,0,0,0,0,0.0,0.0,0.0,0.0,0.0,0.0,0.0,0.0,0.0,0,2378,u,Has joined Stockport County on loan for the rest of the season.,29,0,0.0,1.0,0,0.0,-2378,0.0,DEF
2024-25,190,Ekdal,BUR,2,3.8,44,1179,0,0,2,24,0,0,0,0,0,0,2,121,273.8,43.1,78.0,39.5,0.0,2.9,11.6,0.0,0.8,247817,205416,a,,29,13,3.3587786259541987,0.2564102564102564,0,11.578947368421053,42401,0.4517241379310345,DEF
2024-25,191,Estève,BUR,2,3.9,60,2239,0,0,2,54,2,0,0,0,0,0,0,201,540.6,89.0,84.0,71.5,1.5,2.3,15.4,0.4,7.8,765856,1941326,a,,29,24,2.41179097811523,0.7575757575757576,0,15.384615384615385,-1175470,0.8578544061302682,DEF
2024-25,192,Hartman,BUR,2,4.0,46,1337,0,5,2,28,0,0,0,1,0,0,0,170,305.4,228.9,57.0,59.2,0.0,3.1,11.5,0.0,0.6,184456,179249,a,,29,14,3.0964846671652952,0.24390243902439013,5,11.5,5207,0.5122605363984675,DEF
2024-25,193,Humphreys,BUR,2,3.9,33,1059,0,2,1,24,0,0,0,5,0,0,1,139,251.6,86.2,46.0,38.2,1.8,2.5,8.5,0.5,0.1,19906,14706,a,,29,11,2.8045325779036827,0.8,2,8.461538461538462,5200,0.4057471264367816,DEF
2024-25,194,Jordan,BUR,2,3.9,0,0,0,0,0,0,0,0,0,0,0,0,0,0,0.0,0.0,0.0,0.0,0.0,0.0,0.0,0.0,0.1,1931,15481,i,Hamstring injury - Unknown return date,29,0,0.0,1.0,0,0.0,-13550,0.0,DEF
2024-25,195,Lucas Pires,BUR,2,3.8,18,1086,0,0,1,25,0,0,0,0,1,0,0,95,181.0,231.4,60.0,47.1,0.5,1.3,4.7,0.1,0.3,47754,36745,a,,29,12,1.4917127071823204,0.6521739130434783,0,4.736842105263158,11009,0.4160919540229885,DEF
2024-25,196,Sambo,BUR,2,4.0,0,0,0,0,0,0,0,0,0,0,0,0,0,0,0.0,0.0,0.0,0.0,0.0,0.0,0.0,0.0,0.0,202,9669,u,has joined Sparta Rotterdam on loan for the rest of the season.,29,0,0.0,1.0,0,0.0,-9467,0.0,DEF
2024-25,197,Sonne,BUR,2,3.8,13,164,1,0,0,4,0,0,0,0,0,0,0,20,44.8,18.1,30.0,9.2,0.0,1.9,3.4,0.0,0.2,34622,33349,u,has joined Sparta Prague on loan for the rest of the season.,29,1,7.134146341463414,0.3448275862068966,1,3.4210526315789473,1273,0.06283524904214559,DEF
2024-25,198,Tuanzebe,BUR,2,3.9,27,931,1,0,1,22,1,0,0,1,0,0,0,81,225.2,9.8,52.0,28.9,0.0,2.5,6.9,0.0,0.9,137344,294726,i,Achilles injury - Expected back 11 Apr,29,10,2.6100966702470463,0.2857142857142857,1,6.923076923076923,-157382,0.35670498084291186,DEF
2024-25,199,Worrall,BUR,2,3.8,19,480,0,0,0,11,0,0,0,0,0,0,0,35,138.8,1.5,17.0,15.9,3.0,1.9,5.0,0.8,0.2,27476,24076,a,,29,5,3.5625,0.6206896551724137,0,5.0,3400,0.1839080459770115,DEF
2024-25,200,Anthony,BUR,3,5.0,100,1928,7,3,3,43,0,0,0,4,0,0,6,385,453.4,386.4,416.0,125.5,6.0,3.6,20.0,1.2,1.9,1242921,1094403,a,,29,21,4.668049792531121,0.4782608695652174,10,20.0,148518,0.7386973180076628,MID
2024-25,201,Benson,BUR,3,5.4,0,0,0,0,0,0,0,0,0,0,0,0,0,0,0.0,0.0,0.0,0.0,0.0,0.0,0.0,0.0,0.0,1070,3147,u,has joined Maccabi Haifa permanently.,29,0,0.0,1.0,0,0.0,-2077,0.0,MID
2024-25,202,Bruun Larsen,BUR,3,5.3,36,961,0,1,3,26,0,0,0,0,0,0,0,107,114.4,189.7,128.0,43.2,0.8,1.6,6.8,0.2,0.0,6016,8627,a,,29,10,3.371488033298647,0.6923076923076923,1,6.7924528301886795,-2611,0.3681992337164751,MID
2024-25,203,Boateng,BUR,3,4.7,0,0,0,0,0,0,0,0,0,0,0,0,0,0,0.0,0.0,0.0,0.0,0.0,0.0,0.0,0.0,0.0,4236,7307,a,,29,0,0.0,1.0,0,0.0,-3071,0.0,MID
2024-25,204,Churlinov,BUR,3,4.9,0,0,0,0,0,0,0,0,0,0,0,0,0,0,0.0,0.0,0.0,0.0,0.0,0.0,0.0,0.0,0.0,160,2085,u,has joined Kocaelispor  permanently.,29,0,0.0,1.0,0,0.0,-1925,0.0,MID
2024-25,205,Cullen,BUR,3,4.9,70,1513,2,2,3,29,1,0,0,2,0,0,8,321,342.0,218.1,98.0,66.0,0.0,3.9,14.3,0.0,0.8,568546,540111,i,Knee injury - Expected back 30 Sep,29,16,4.163912756113682,0.20408163265306134,4,14.285714285714285,28435,0.5796934865900383,MID
2024-25,206,Edwards,BUR,3,4.7,43,867,1,3,1,15,0,0,0,0,0,0,2,155,162.8,243.6,190.0,59.5,1.8,2.5,9.1,0.4,0.1,25686,24835,d,Lack of match fitness - 75% chance of playing,29,9,4.463667820069204,0.8,4,9.148936170212766,851,0.332183908045977,MID
2024-25,207,Hannibal,BUR,3,4.7,49,874,1,4,1,22,0,0,0,6,0,0,4,211,191.4,209.4,85.0,48.6,5.8,2.3,10.4,1.2,0.2,27611,25565,a,,29,9,5.045766590389016,-0.06060606060606055,5,10.425531914893616,2046,0.3348659003831418,MID
2024-25,208,Koleosho,BUR,3,5.0,0,0,0,0,0,0,0,0,0,0,0,0,0,0,0.0,0.0,0.0,0.0,0.0,0.0,0.0,0.0,0.0,68,3029,u,has joined Paris FC on loan for the rest of the season.,29,0,0.0,1.0,0,0.0,-2961,0.0,MID
2024-25,209,Laurent,BUR,3,4.8,48,1399,1,0,1,34,0,0,0,6,0,0,1,212,262.4,164.2,92.0,52.0,1.2,1.8,10.0,0.3,0.0,6028,6534,a,,29,15,3.0879199428162973,0.7857142857142857,1,10.0,-506,0.536015325670498,MID
2024-25,210,Tchaouna,BUR,3,4.9,38,843,1,1,2,14,0,0,0,1,0,0,0,128,99.4,109.3,101.0,31.1,0.8,1.7,7.8,0.2,0.0,4841,5981,a,,29,9,4.056939501779359,0.6666666666666667,2,7.755102040816326,-1140,0.32298850574712645,MID
2024-25,211,A.Ramsey,BUR,3,4.4,0,0,0,0,0,0,0,0,0,0,0,0,0,0,0.0,0.0,0.0,0.0,0.0,0.0,0.0,0.0,1.4,62789,931066,u,has joined Leicester City on loan for the rest of the season.,29,0,0.0,1.0,0,0.0,-868277,0.0,MID
2024-25,212,Adewumi,BUR,3,4.5,0,0,0,0,0,0,0,0,0,0,0,0,0,0,0.0,0.0,0.0,0.0,0.0,0.0,0.0,0.0,0.0,0,2760,u,Has joined Cercle Brugge on loan for the rest of the season.,29,0,0.0,1.0,0,0.0,-2760,0.0,MID
2024-25,213,Banel,BUR,3,4.5,1,9,0,0,0,0,0,0,0,0,0,0,0,2,0.0,0.5,0.0,0.0,0.0,1.0,0.2,0.0,0.0,7482,9066,u,has joined Derby County on loan for the rest of the season.,29,0,10.0,0.5,0,0.2222222222222222,-1584,0.0034482758620689655,MID
2024-25,214,Trésor,BUR,3,4.3,4,19,0,0,0,1,0,0,0,0,0,0,0,10,0.6,0.4,2.0,0.3,0.0,1.0,0.9,0.0,0.1,12001,15985,d,Lack of match fitness - 75% chance of playing,29,0,18.94736842105263,0.5,0,0.9302325581395349,-3984,0.0072796934865900385,MID
2024-25,215,Flemming,BUR,4,5.3,62,1005,7,0,2,19,0,0,0,3,0,0,6,231,289.4,79.7,332.0,69.2,4.2,3.1,11.7,0.8,0.3,168965,153362,d,Lack of match fitness - 75% chance of playing,29,11,5.552238805970149,0.7317073170731707,7,11.69811320754717,15603,0.3850574712643678,FWD
2024-25,216,Amdouni,BUR,4,4.8,0,0,0,0,0,0,0,0,0,0,0,0,0,0,0.0,0.0,0.0,0.0,0.0,0.0,0.0,0.0,0.0,2184,6314,i,Knee injury - Expected back 11 Apr,29,0,0.0,1.0,0,0.0,-4130,0.0,FWD
2024-25,217,Foster,BUR,4,4.9,48,1154,3,1,3,25,0,0,0,4,0,0,4,178,187.6,129.2,206.0,51.7,0.8,2.3,9.8,0.2,0.8,451508,443209,a,,29,12,3.743500866551127,0.5454545454545454,4,9.795918367346937,8299,0.4421455938697318,FWD
2024-25,218,Barnes,BUR,4,4.2,4,23,0,0,0,2,0,0,0,1,0,0,0,7,0.2,0.6,9.0,1.0,0.8,1.0,1.0,0.2,1.4,226794,339535,a,,29,0,15.652173913043478,0.9,0,0.9523809523809523,-112741,0.008812260536398468,FWD
2024-25,219,Obafemi,BUR,4,4.4,0,0,0,0,0,0,0,0,0,0,0,0,0,0,0.0,0.0,0.0,0.0,0.0,0.0,0.0,0.0,0.1,4151,40614,u,has joined Blackpool on loan for the rest of the season.,29,0,0.0,1.0,0,0.0,-36463,0.0,FWD
2024-25,470,Dúbravka,BUR,1,4.0,80,2610,0,0,3,58,0,0,0,1,0,106,7,357,808.4,0.0,0.0,81.0,1.2,2.8,20.0,0.3,32.2,1710502,1454852,a,,29,29,2.758620689655172,0.5789473684210527,0,20.0,255650,1.0,GK
2024-25,614,Ward-Prowse,BUR,3,5.6,19,561,0,1,1,15,0,0,0,0,0,0,0,129,101.2,228.2,6.0,33.5,2.0,2.1,3.4,0.4,0.2,18729,47886,a,,29,6,3.048128342245989,0.967741935483871,1,3.3928571428571432,-29157,0.2149425287356322,MID
2024-25,676,Ugochukwu,BUR,3,5.0,81,1893,3,2,3,41,0,0,0,1,1,0,5,305,359.2,145.2,188.0,69.0,2.8,2.9,16.2,0.6,0.1,42181,37977,a,,29,21,3.8510301109350236,0.9743589743589743,5,16.2,4204,0.725287356321839,MID
2024-25,680,Broja,BUR,4,5.2,38,805,1,1,1,25,0,0,0,0,0,0,2,105,96.2,62.2,203.0,35.8,0.0,2.0,7.3,0.0,0.2,47591,59423,d,Lack of match fitness - 75% chance of playing,29,8,4.248447204968945,0.33333333333333337,2,7.3076923076923075,-11832,0.30842911877394635,FWD
2024-25,722,Florentino,BUR,3,5.0,66,1651,0,2,2,37,0,0,0,4,0,0,0,286,343.4,173.2,44.0,56.3,0.8,2.8,13.2,0.2,0.0,14727,12947,a,,29,18,3.5978195033313143,0.4736842105263158,2,13.2,1780,0.6325670498084291,MID
2024-25,776,Pimlott,BUR,3,4.5,0,0,0,0,0,0,0,0,0,0,0,0,0,0,0.0,0.0,0.0,0.0,0.0,0.0,0.0,0.0,0.0,663,447,a,,29,0,0.0,1.0,0,0.0,216,0.0,MID
2024-25,784,Brierley,BUR,3,4.5,0,0,0,0,0,0,0,0,0,0,0,0,0,0,0.0,0.0,0.0,0.0,0.0,0.0,0.0,0.0,0.0,444,316,a,,29,0,0.0,1.0,0,0.0,128,0.0,MID
2024-25,820,McMahon-Brown,BUR,3,4.5,0,0,0,0,0,0,0,0,0,0,0,0,0,0,0.0,0.0,0.0,0.0,0.0,0.0,0.0,0.0,0.0,47,5,a,,29,0,0.0,1.0,0,0.0,42,0.0,MID
2024-25,66,Neto,BOU,1,4.5,0,0,0,0,0,0,0,0,0,0,0,0,0,0,0.0,0.0,0.0,0.0,0.0,0.0,0.0,0.0,0.1,0,16535,u,Has joined Botafogo permanently.,29,0,0.0,1.0,0,0.0,-16535,0.0,GK
2024-25,67,Petrović,BOU,1,4.5,94,2610,0,0,8,46,1,0,0,2,0,88,5,381,656.2,0.0,0.0,65.9,6.0,3.2,20.9,1.3,5.1,973687,747709,a,,29,29,3.2413793103448274,0.33333333333333337,0,20.88888888888889,225978,1.0,GK
2024-25,68,Dennis,BOU,1,4.0,0,0,0,0,0,0,0,0,0,0,0,0,0,0,0.0,0.0,0.0,0.0,0.0,0.0,0.0,0.0,0.7,47217,86933,u,has joined Leyton Orient on loan for the rest of the season.,29,0,0.0,1.0,0,0.0,-39716,0.0,GK
2024-25,69,McKenna,BOU,1,3.9,0,0,0,0,0,0,0,0,0,0,0,0,0,0,0.0,0.0,0.0,0.0,0.0,0.0,0.0,0.0,0.3,22516,19077,a,,29,0,0.0,1.0,0,0.0,3439,0.0,GK
2024-25,70,Paulsen,BOU,1,4.0,0,0,0,0,0,0,0,0,0,0,0,0,0,0,0.0,0.0,0.0,0.0,0.0,0.0,0.0,0.0,0.1,1107,10445,u,Has joined Lechia Gdansk on loan for the rest of the season.,29,0,0.0,1.0,0,0.0,-9338,0.0,GK
2024-25,71,Zabarnyi,BOU,2,5.0,0,0,0,0,0,0,0,0,0,0,0,0,0,0,0.0,0.0,0.0,0.0,0.0,0.0,0.0,0.0,0.0,0,8209,u,Has joined Paris Saint-Germain permanently.,29,0,0.0,1.0,0,0.0,-8209,0.0,DEF
2024-25,72,Senesi,BOU,2,5.0,126,2478,0,4,8,45,0,0,0,8,0,0,9,407,866.6,296.0,165.0,133.0,6.7,4.5,25.2,1.3,17.8,4992051,3058935,a,,29,27,4.576271186440678,0.6,4,25.2,1933116,0.9494252873563218,DEF
2024-25,73,Smith,BOU,2,4.4,30,727,0,1,3,15,0,0,0,2,0,0,0,86,82.8,32.3,18.0,13.3,0.3,1.9,6.8,0.1,0.2,26413,41656,a,,29,8,3.7138927097661623,0.4482758620689655,1,6.8181818181818175,-15243,0.278544061302682,DEF
2024-25,74,Truffert,BOU,2,4.6,107,2568,0,2,8,43,0,0,0,3,0,0,9,394,583.0,370.8,94.0,104.8,6.0,3.7,23.3,1.3,2.6,641151,419047,a,,29,28,3.75,0.5106382978723405,2,23.260869565217394,222104,0.9839080459770115,DEF
2024-25,75,Akinmboni,BOU,2,3.8,0,0,0,0,0,0,0,0,0,0,0,0,0,0,0.0,0.0,0.0,0.0,0.0,0.0,0.0,0.0,0.2,14758,32541,a,,29,0,0.0,1.0,0,0.0,-17783,0.0,DEF
2024-25,76,Bevan,BOU,2,3.8,0,0,0,0,0,0,0,0,0,0,0,0,0,0,0.0,0.0,0.0,0.0,0.0,0.0,0.0,0.0,0.2,15576,19590,a,,29,0,0.0,1.0,0,0.0,-4014,0.0,DEF
2024-25,77,Hill,BOU,2,4.2,75,1292,0,3,5,16,0,0,0,2,0,0,2,246,375.0,84.9,74.0,53.6,5.3,3.8,17.9,1.3,7.5,1034786,166829,a,,29,14,5.224458204334365,0.6875,3,17.857142857142858,867957,0.4950191570881226,DEF
2024-25,78,J.Araujo,BOU,2,3.8,0,0,0,0,0,0,0,0,0,0,0,0,0,0,0.0,0.0,0.0,0.0,0.0,0.0,0.0,0.0,0.5,47440,132910,u,has joined Celtic on loan for the rest of the season.,29,0,0.0,1.0,0,0.0,-85470,0.0,DEF
2024-25,79,Mepham,BOU,2,4.0,0,0,0,0,0,0,0,0,0,0,0,0,0,0,0.0,0.0,0.0,0.0,0.0,0.0,0.0,0.0,0.1,1400,16730,u,has joined West Bromwich Albion permanently.,29,0,0.0,1.0,0,0.0,-15330,0.0,DEF
2024-25,80,Soler,BOU,2,4.0,3,34,0,0,0,2,0,0,0,0,0,0,0,2,1.8,2.5,2.0,0.6,0.0,1.0,0.8,0.0,0.2,17421,33576,i,Hamstring injury - Expected back 01 Jun,29,0,7.9411764705882355,0.5,0,0.75,-16155,0.013026819923371647,DEF
2024-25,81,Kluivert,BOU,3,6.9,40,914,2,0,4,18,0,0,0,4,0,0,3,147,146.6,304.1,128.0,57.8,0.0,2.2,5.8,0.0,0.6,190362,251441,i,Knee injury - Expected back 09 May,29,10,3.938730853391685,0.3125,2,5.797101449275362,-61079,0.35019157088122604,MID
2024-25,84,Tavernier,BOU,3,5.3,104,1942,5,4,8,37,0,0,0,4,0,0,10,378,456.4,484.7,420.0,136.3,3.3,4.2,19.6,0.6,1.9,954675,809900,a,,29,21,4.8197734294541705,0.8269230769230769,9,19.62264150943396,144775,0.7440613026819923,MID
2024-25,85,Adams,BOU,3,4.9,60,1412,2,1,6,24,0,0,0,7,0,0,3,279,304.2,95.0,105.0,50.7,3.3,3.3,12.2,0.7,0.3,80142,93233,a,,29,15,3.824362606232295,1.0,3,12.244897959183673,-13091,0.5409961685823754,MID
2024-25,86,Brooks,BOU,3,5.0,46,1014,1,2,4,18,0,0,0,7,0,0,4,180,200.4,323.0,391.0,90.0,0.7,2.0,9.2,0.1,0.2,72975,78629,a,,29,11,4.0828402366863905,0.5666666666666667,3,9.2,-5654,0.38850574712643676,MID
2024-25,87,Christie,BOU,3,4.9,28,579,1,1,1,10,0,0,0,2,0,0,0,130,133.8,143.2,138.0,41.8,1.3,1.5,5.7,0.3,0.1,9761,15851,a,,29,6,4.352331606217617,0.92,2,5.7142857142857135,-6090,0.2218390804597701,MID
2024-25,88,Cook,BOU,3,4.9,38,870,0,1,1,18,0,0,0,1,1,0,0,184,206.0,183.3,12.0,40.4,0.0,2.4,7.8,0.0,0.0,11737,10304,i,Hamstring injury - Expected back 11 Apr,29,9,3.9310344827586206,0.2941176470588235,1,7.755102040816326,1433,0.3333333333333333,MID
2024-25,89,Philip,BOU,3,4.9,0,0,0,0,0,0,0,0,0,0,0,0,0,0,0.0,0.0,0.0,0.0,0.0,0.0,0.0,0.0,0.0,598,6636,u,has joined Midtjylland permanently.,29,0,0.0,1.0,0,0.0,-6038,0.0,MID
2024-25,90,Scott,BOU,3,5.1,101,2128,2,2,8,34,0,0,0,3,0,0,6,434,421.4,317.8,259.0,99.4,3.7,3.5,19.8,0.7,1.3,251744,110019,a,,29,23,4.271616541353383,0.9555555555555555,4,19.80392156862745,141725,0.8153256704980842,MID
2024-25,91,Sinisterra,BOU,3,5.0,0,0,0,0,0,0,0,0,0,0,0,0,0,0,0.0,0.0,0.0,0.0,0.0,0.0,0.0,0.0,0.0,396,3898,u,has joined Cruzeiro on loan for the rest of the season.,29,0,0.0,1.0,0,0.0,-3502,0.0,MID
2024-25,92,Faivre,BOU,3,4.5,0,0,0,0,0,0,0,0,0,0,0,0,0,0,0.0,0.0,0.0,0.0,0.0,0.0,0.0,0.0,0.1,4403,19694,u,has joined Auxerre permanently.,29,0,0.0,1.0,0,0.0,-15291,0.0,MID
2024-25,93,H.Traorè,BOU,3,4.5,4,16,0,1,0,2,0,0,0,0,0,0,0,12,21.2,10.0,0.0,3.1,0.0,4.0,0.9,0.0,0.3,114900,165489,u,has joined Marseille on loan for the rest of the season.,29,0,22.5,0.19999999999999996,1,0.8888888888888888,-50589,0.006130268199233717,MID
2024-25,94,Sadi,BOU,3,4.5,0,0,0,0,0,0,0,0,0,0,0,0,0,0,0.0,0.0,0.0,0.0,0.0,0.0,0.0,0.0,0.0,3895,8213,u,has joined Novi Pazar on loan for the rest of the season.,29,0,0.0,1.0,0,0.0,-4318,0.0,MID
2024-25,95,Silcott-Duberry,BOU,3,4.4,0,0,0,0,0,0,0,0,0,0,0,0,0,0,0.0,0.0,0.0,0.0,0.0,0.0,0.0,0.0,0.1,15405,21532,u,has joined Olympiakos permanently.,29,0,0.0,1.0,0,0.0,-6127,0.0,MID
2024-25,96,Winterburn,BOU,3,4.5,1,6,0,0,0,2,0,0,0,0,0,0,0,3,0.0,0.0,0.0,0.0,0.0,1.0,0.2,0.0,0.0,2964,10009,u,has joined Barnet on loan for the rest of the season.,29,0,15.0,0.5,0,0.2222222222222222,-7045,0.0022988505747126436,MID
2024-25,97,Evanilson,BOU,4,6.8,87,2013,6,3,8,33,0,0,0,1,0,0,6,315,295.0,310.4,649.0,125.2,3.3,3.2,12.8,0.5,2.2,1113225,1110908,a,,29,22,3.889716840536513,0.9761904761904763,9,12.794117647058824,2317,0.771264367816092,FWD
2024-25,98,Enes Ünal,BOU,4,5.4,20,170,1,0,0,2,0,0,0,1,0,0,1,55,45.6,12.4,82.0,13.3,1.0,1.2,3.7,0.2,0.0,13994,11233,a,,29,1,10.588235294117647,0.9090909090909092,1,3.7037037037037033,2761,0.06513409961685823,FWD
2024-25,99,Adu-Adjei,BOU,4,4.4,0,0,0,0,0,0,0,0,0,0,0,0,0,0,0.0,0.0,0.0,0.0,0.0,0.0,0.0,0.0,0.1,22144,44389,u,has joined HNK Rijeka permanently.,29,0,0.0,1.0,0,0.0,-22245,0.0,FWD
2024-25,100,Kroupi.Jr,BOU,4,4.7,72,1052,8,0,5,18,0,0,0,3,0,0,7,322,337.2,202.6,344.0,88.4,1.7,3.0,15.3,0.4,6.7,1849232,1168112,a,,29,11,6.159695817490494,0.675,8,15.319148936170212,681120,0.40306513409961686,FWD
2024-25,391,Gannon-Doak,BOU,3,4.8,7,53,0,1,0,1,0,0,0,0,0,0,0,22,21.2,14.0,11.0,4.7,0.0,1.8,1.5,0.0,0.0,4633,8102,i,Hamstring injury - Expected back 20 Mar,29,0,11.88679245283019,0.3571428571428571,1,1.4583333333333335,-3469,0.020306513409961684,MID
2024-25,685,Diakité,BOU,2,4.2,46,1275,0,0,4,27,0,0,0,1,0,0,2,164,267.0,54.3,22.0,34.4,0.0,2.6,11.0,0.0,0.3,98453,96322,a,,29,14,3.2470588235294118,0.2777777777777778,0,10.952380952380953,2131,0.4885057471264368,DEF
2024-25,687,Rees-Dottin,BOU,3,4.3,0,0,0,0,0,0,0,0,0,0,0,0,0,0,0.0,0.0,0.0,0.0,0.0,0.0,0.0,0.0,0.2,25024,19917,a,,29,0,0.0,1.0,0,0.0,5107,0.0,MID
2024-25,697,Adli,BOU,3,5.4,60,923,3,2,3,14,0,0,0,2,0,0,4,223,256.6,209.1,240.0,70.0,1.7,2.4,11.1,0.3,0.5,117741,56594,a,,29,10,5.850487540628385,0.7941176470588236,5,11.11111111111111,61147,0.353639846743295,MID
2024-25,713,A.Jimenez,BOU,2,4.5,63,1855,1,2,5,33,0,0,0,8,0,0,2,238,331.0,212.1,169.0,71.2,5.3,2.5,14.0,1.2,0.3,55973,25288,a,,29,20,3.0566037735849054,0.20000000000000007,3,14.0,30685,0.710727969348659,DEF
2024-25,721,Milosavljević,BOU,2,4.4,19,367,0,0,1,6,0,0,0,0,0,0,0,63,98.4,13.9,10.0,12.2,0.0,2.7,4.3,0.0,0.0,6356,5921,a,,29,4,4.659400544959128,0.2702702702702703,0,4.3181818181818175,435,0.14061302681992338,DEF
2024-25,756,DaCosta,BOU,3,4.5,0,0,0,0,0,0,0,0,0,0,0,0,0,0,0.0,0.0,0.0,0.0,0.0,0.0,0.0,0.0,0.0,1748,1128,a,,29,0,0.0,1.0,0,0.0,620,0.0,MID
2024-25,782,Forster,BOU,1,4.0,0,0,0,0,0,0,0,0,0,0,0,0,0,0,0.0,0.0,0.0,0.0,0.0,0.0,0.0,0.0,0.0,2826,939,a,,29,0,0.0,1.0,0,0.0,1887,0.0,GK
2024-25,799,Stevens,BOU,3,4.5,0,0,0,0,0,0,0,0,0,0,0,0,0,0,0.0,0.0,0.0,0.0,0.0,0.0,0.0,0.0,0.0,646,242,a,,29,0,0.0,1.0,0,0.0,404,0.0,MID
2024-25,801,Tóth.A,BOU,3,4.9,3,71,0,0,0,1,0,0,0,1,0,0,0,10,6.0,33.5,14.0,5.3,0.0,0.8,0.6,0.0,0.0,884,467,a,,29,0,3.8028169014084505,0.5555555555555556,0,0.6122448979591836,417,0.027203065134099615,MID
2024-25,806,Mandas,BOU,1,4.0,0,0,0,0,0,0,0,0,0,0,0,0,0,0,0.0,0.0,0.0,0.0,0.0,0.0,0.0,0.0,0.0,627,295,a,,29,0,0.0,1.0,0,0.0,332,0.0,GK
2024-25,807,Rayan,BOU,3,5.6,27,451,2,1,2,3,0,0,0,1,0,0,2,95,122.6,118.1,103.0,34.3,2.7,4.5,4.8,0.5,2.6,393852,55457,a,,29,5,5.388026607538802,0.6727272727272728,3,4.821428571428572,338395,0.1727969348659004,MID
2024-25,27,Nelson,BRE,3,4.8,6,50,0,0,0,1,0,0,0,0,0,0,0,19,16.4,4.0,16.0,3.4,0.0,1.0,1.2,0.0,0.1,10489,18372,d,Calf injury - 75% chance of playing,29,0,10.799999999999999,0.5,0,1.25,-7883,0.019157088122605363,MID
2024-25,83,O.Dango,BRE,3,6.0,97,1613,5,6,4,24,0,0,0,4,0,0,10,296,345.0,243.0,449.0,103.1,2.8,4.2,16.2,0.5,3.6,923955,493579,a,,29,17,5.412275263484191,0.7307692307692307,11,16.166666666666668,430376,0.618007662835249,MID
2024-25,101,Kelleher,BRE,1,4.7,104,2520,0,0,7,37,0,3,0,1,0,75,6,402,643.6,20.0,0.0,66.4,2.5,3.7,22.1,0.5,12.6,1376536,1025013,a,,29,28,3.7142857142857144,0.7446808510638298,0,22.127659574468083,351523,0.9655172413793104,GK
2024-25,102,Balcombe,BRE,1,3.9,0,0,0,0,0,0,0,0,0,0,0,0,0,0,0.0,0.0,0.0,0.0,0.0,0.0,0.0,0.0,0.3,16375,24148,a,,29,0,0.0,1.0,0,0.0,-7773,0.0,GK
2024-25,103,Cox,BRE,1,3.9,0,0,0,0,0,0,0,0,0,0,0,0,0,0,0.0,0.0,0.0,0.0,0.0,0.0,0.0,0.0,0.1,11791,14671,u,has joined Shrewsbury Town on loan for the rest of the season.,29,0,0.0,1.0,0,0.0,-2880,0.0,GK
2024-25,104,Eyestone,BRE,1,3.9,0,0,0,0,0,0,0,0,0,0,0,0,0,0,0.0,0.0,0.0,0.0,0.0,0.0,0.0,0.0,0.1,13036,10407,a,,29,0,0.0,1.0,0,0.0,2629,0.0,GK
2024-25,105,Valdimarsson,BRE,1,3.9,1,90,0,0,0,3,0,0,0,0,0,1,0,1,13.0,0.0,0.0,1.3,0.2,1.0,0.3,0.1,0.6,38439,72663,a,,29,1,1.0,0.6,0,0.25641025641025644,-34224,0.034482758620689655,GK
2024-25,106,Collins,BRE,2,4.9,99,2161,1,2,6,32,1,0,0,4,0,0,7,340,661.8,116.3,258.0,103.8,1.8,3.8,20.2,0.4,2.7,654397,517916,a,,29,24,4.123091161499306,0.5833333333333334,3,20.20408163265306,136481,0.8279693486590038,DEF
2024-25,107,Lewis-Potter,BRE,2,4.8,79,1152,3,1,6,20,0,0,0,1,0,0,3,208,220.6,167.8,228.0,61.6,2.5,2.9,16.5,0.5,1.6,461308,313853,a,,29,12,6.171875000000001,0.8974358974358975,4,16.458333333333336,147455,0.4413793103448276,DEF
2024-25,108,Ajer,BRE,2,4.4,70,1606,0,2,5,26,0,0,0,2,0,0,1,200,354.4,58.1,161.0,57.5,3.0,3.0,15.9,0.7,0.3,40846,33647,a,,29,17,3.9227895392278955,1.0,2,15.909090909090908,7199,0.6153256704980843,DEF
2024-25,109,Henry,BRE,2,4.3,52,1322,0,2,4,22,0,0,0,2,0,0,0,144,151.6,82.0,35.0,26.9,2.0,2.1,12.1,0.5,0.2,25839,24514,i,Hamstring injury - Unknown return date,29,14,3.5400907715582455,0.967741935483871,2,12.093023255813954,1325,0.5065134099616858,DEF
2024-25,110,Kayode,BRE,2,4.5,78,2448,0,1,7,37,1,0,0,6,0,0,6,376,442.8,382.9,77.0,90.5,1.8,2.8,17.3,0.4,0.7,198882,137006,a,,29,27,2.867647058823529,0.736842105263158,1,17.333333333333332,61876,0.9379310344827586,DEF
2024-25,111,Pinnock,BRE,2,4.2,4,228,0,0,0,5,1,0,0,1,0,0,0,21,62.8,1.1,12.0,7.6,0.0,1.3,1.0,0.0,0.1,12623,27019,a,,29,2,1.5789473684210527,0.4347826086956521,0,0.9523809523809523,-14396,0.08735632183908046,DEF
2024-25,112,Roerslev,BRE,2,4.5,0,0,0,0,0,0,0,0,0,0,0,0,0,0,0.0,0.0,0.0,0.0,0.0,0.0,0.0,0.0,0.0,211,3930,u,Has joined Southampton permanently.,29,0,0.0,1.0,0,0.0,-3719,0.0,DEF
2024-25,113,Van den Berg,BRE,2,4.5,83,2123,0,2,5,34,0,0,0,1,0,0,3,300,495.0,57.2,240.0,79.3,5.2,3.5,18.4,1.2,1.3,300968,206391,a,,29,23,3.518605746585021,0.6222222222222222,2,18.444444444444443,94577,0.8134099616858238,DEF
2024-25,114,Arthur,BRE,2,3.8,0,0,0,0,0,0,0,0,0,0,0,0,0,0,0.0,0.0,0.0,0.0,0.0,0.0,0.0,0.0,0.2,12981,30446,u,has joined Celtic on loan for the rest of the season.,29,0,0.0,1.0,0,0.0,-17465,0.0,DEF
2024-25,115,Fredrick,BRE,2,4.0,0,0,0,0,0,0,0,0,0,0,0,0,0,0,0.0,0.0,0.0,0.0,0.0,0.0,0.0,0.0,0.1,2020,14380,u,has joined Dender on loan for the rest of the season.,29,0,0.0,1.0,0,0.0,-12360,0.0,DEF
2024-25,116,Hickey,BRE,2,4.0,33,588,0,0,2,8,0,0,0,1,0,0,0,94,82.6,16.2,42.0,13.9,0.5,1.8,8.2,0.1,0.4,65912,77602,i,Hamstring injury - Expected back 11 Apr,29,6,5.051020408163265,0.5357142857142856,0,8.25,-11690,0.22528735632183908,DEF
2024-25,117,Ji-soo,BRE,2,3.9,0,0,0,0,0,0,0,0,0,0,0,0,0,0,0.0,0.0,0.0,0.0,0.0,0.0,0.0,0.0,0.1,4108,15649,u,has joined Kaiserslautern on loan for the rest of the season.,29,0,0.0,1.0,0,0.0,-11541,0.0,DEF
2024-25,118,Meghoma,BRE,2,4.0,0,0,0,0,0,0,0,0,0,0,0,0,0,0,0.0,0.0,0.0,0.0,0.0,0.0,0.0,0.0,0.0,279,10991,u,Has joined Rangers on loan for the rest of the season.,29,0,0.0,1.0,0,0.0,-10712,0.0,DEF
2024-25,120,Schade,BRE,3,6.9,97,2063,7,4,8,25,0,0,1,6,1,0,5,319,472.8,325.9,669.0,146.4,2.8,3.7,14.1,0.4,1.9,874090,698858,a,,29,22,4.231701405719825,0.8085106382978723,11,14.057971014492752,175232,0.7904214559386973,MID
2024-25,121,Damsgaard,BRE,3,5.6,85,1495,3,4,3,25,0,0,0,0,0,0,6,352,414.0,527.0,249.0,119.1,5.8,3.4,15.2,1.0,0.9,159864,175560,a,,29,16,5.117056856187291,0.4545454545454546,7,15.178571428571429,-15696,0.5727969348659003,MID
2024-25,122,Milambo,BRE,3,5.2,1,45,0,0,0,3,0,0,0,0,0,0,0,5,4.0,1.8,0.0,0.6,0.0,1.0,0.2,0.0,0.0,2046,6959,i,Knee injury - Expected back 01 Jun,29,0,2.0,0.5,0,0.1923076923076923,-4913,0.017241379310344827,MID
2024-25,123,Carvalho,BRE,3,4.7,13,100,1,0,0,4,0,0,0,0,0,0,1,42,39.0,6.5,36.0,8.1,0.0,2.2,2.8,0.0,0.1,27247,51474,i,Knee injury - Expected back 01 Jun,29,1,11.700000000000001,0.3125,1,2.7659574468085104,-24227,0.038314176245210725,MID
2024-25,124,Henderson,BRE,3,5.0,68,1634,1,3,5,24,0,0,0,4,0,0,5,306,299.2,320.4,43.0,66.2,1.8,2.5,13.6,0.4,0.3,99293,101266,a,,29,18,3.745410036719706,0.8,4,13.6,-1973,0.6260536398467433,MID
2024-25,125,Janelt,BRE,3,4.9,70,1253,1,4,5,16,0,0,0,7,0,0,6,300,329.0,313.6,91.0,72.5,0.5,3.2,14.3,0.1,0.2,67505,47771,i,Foot injury - Expected back 11 Apr,29,13,5.027932960893854,0.3571428571428571,5,14.285714285714285,19734,0.48007662835249043,MID
2024-25,126,Jensen,BRE,3,4.9,65,1465,2,2,6,21,0,0,0,3,0,0,0,316,273.4,394.7,153.0,82.0,2.2,2.4,13.3,0.4,0.1,18588,18789,a,,29,16,3.993174061433447,0.9411764705882354,4,13.265306122448978,-201,0.5613026819923371,MID
2024-25,127,Nunes,BRE,3,4.9,0,0,0,0,0,0,0,0,0,0,0,0,0,0,0.0,0.0,0.0,0.0,0.0,0.0,0.0,0.0,0.0,1544,2306,u,has joined Swansea City on loan for the rest of the season.,29,0,0.0,1.0,0,0.0,-762,0.0,MID
2024-25,128,Onyeka,BRE,3,4.8,12,88,0,2,0,2,0,0,0,0,0,0,0,41,28.4,13.6,4.0,4.6,0.0,2.0,2.5,0.0,0.0,5396,8891,u,has joined Coventry City on loan for the rest of the season.,29,0,12.272727272727272,0.33333333333333337,2,2.5,-3495,0.03371647509578544,MID
2024-25,129,Yarmoliuk,BRE,3,5.0,76,2014,1,2,5,33,0,0,0,7,0,0,0,331,332.0,217.7,110.0,65.9,1.0,2.6,15.2,0.2,0.1,24286,21309,a,,29,22,3.3962264150943393,0.5555555555555556,3,15.2,2977,0.7716475095785441,MID
2024-25,130,Donovan,BRE,3,4.4,4,38,0,0,0,0,0,0,0,0,0,0,0,19,8.4,11.5,21.0,4.2,0.5,1.0,0.9,0.1,0.1,16446,18835,a,,29,0,9.473684210526315,0.75,0,0.9090909090909091,-2389,0.014559386973180077,MID
2024-25,131,Konak,BRE,3,4.3,0,0,0,0,0,0,0,0,0,0,0,0,0,0,0.0,0.0,0.0,0.0,0.0,0.0,0.0,0.0,0.1,38108,44611,u,has joined Oxford United on loan for the rest of the season.,29,0,0.0,1.0,0,0.0,-6503,0.0,MID
2024-25,132,Maghoma,BRE,3,4.5,0,0,0,0,0,0,0,0,0,0,0,0,0,0,0.0,0.0,0.0,0.0,0.0,0.0,0.0,0.0,0.0,4038,5468,u,has joined Norwich City permanently.,29,0,0.0,1.0,0,0.0,-1430,0.0,MID
2024-25,133,Peart-Harris,BRE,3,4.4,1,1,0,0,0,0,0,0,0,0,0,0,0,2,0.0,0.0,0.0,0.0,0.0,1.0,0.2,0.0,0.0,3881,6381,u,has joined Oxford United permanently.,29,0,90.0,0.5,0,0.22727272727272727,-2500,0.0003831417624521073,MID
2024-25,134,Trevitt,BRE,3,4.5,0,0,0,0,0,0,0,0,0,0,0,0,0,0,0.0,0.0,0.0,0.0,0.0,0.0,0.0,0.0,0.0,0,949,u,Has joined Wigan on loan for the rest of the season,29,0,0.0,1.0,0,0.0,-949,0.0,MID
2024-25,136,Thiago,BRE,4,7.2,143,2472,18,1,7,38,0,0,1,6,0,0,19,583,788.2,275.2,936.0,199.7,3.0,4.9,19.9,0.4,34.8,8828952,4639869,a,,29,27,5.206310679611651,0.6779661016949152,19,19.86111111111111,4189083,0.9471264367816092,FWD
2024-25,137,Morgan,BRE,4,4.4,0,0,0,0,0,0,0,0,0,0,0,0,0,0,0.0,0.0,0.0,0.0,0.0,0.0,0.0,0.0,0.3,52422,81538,u,has joined Shrewsbury on loan for the rest of the season.,29,0,0.0,1.0,0,0.0,-29116,0.0,FWD
2024-25,748,Dasilva,BRE,3,4.9,0,0,0,0,0,0,0,0,0,0,0,0,0,0,0.0,0.0,0.0,0.0,0.0,0.0,0.0,0.0,0.0,190,220,i,Lack of match fitness - Expected back 24 May,29,0,0.0,1.0,0,0.0,-30,0.0,MID
2024-25,797,Furo,BRE,4,4.5,0,0,0,0,0,0,0,0,0,0,0,0,0,0,0.0,0.0,0.0,0.0,0.0,0.0,0.0,0.0,0.0,1869,992,a,,29,0,0.0,1.0,0,0.0,877,0.0,FWD
2024-25,810,Bentt,BRE,3,4.5,0,0,0,0,0,0,0,0,0,0,0,0,0,0,0.0,0.0,0.0,0.0,0.0,0.0,0.0,0.0,0.0,318,121,a,,29,0,0.0,1.0,0,0.0,197,0.0,MID
2024-25,819,Shield,BRE,2,4.0,0,0,0,0,0,0,0,0,0,0,0,0,0,0,0.0,0.0,0.0,0.0,0.0,0.0,0.0,0.0,0.0,182,31,a,,29,0,0.0,1.0,0,0.0,151,0.0,DEF
2024-25,138,Steele,BHA,1,4.2,0,0,0,0,0,0,0,0,0,0,0,0,0,0,0.0,0.0,0.0,0.0,0.0,0.0,0.0,0.0,0.2,10550,39614,a,,29,0,0.0,1.0,0,0.0,-29064,0.0,GK
2024-25,139,Verbruggen,BHA,1,4.5,91,2610,0,0,6,36,1,1,0,3,0,80,4,456,703.4,10.0,0.0,71.4,3.5,3.1,20.2,0.8,5.4,694783,861865,a,,29,29,3.1379310344827585,0.9024390243902439,0,20.22222222222222,-167082,1.0,GK
2024-25,140,McGill,BHA,1,3.9,0,0,0,0,0,0,0,0,0,0,0,0,0,0,0.0,0.0,0.0,0.0,0.0,0.0,0.0,0.0,0.3,18108,28204,a,,29,0,0.0,1.0,0,0.0,-10096,0.0,GK
2024-25,141,Rushworth,BHA,1,4.0,0,0,0,0,0,0,0,0,0,0,0,0,0,0,0.0,0.0,0.0,0.0,0.0,0.0,0.0,0.0,0.0,0,246,u,Has joined Coventry City on loan for the rest of the season.,29,0,0.0,1.0,0,0.0,-246,0.0,GK
2024-25,142,Scherpen,BHA,1,4.0,0,0,0,0,0,0,0,0,0,0,0,0,0,0,0.0,0.0,0.0,0.0,0.0,0.0,0.0,0.0,0.0,0,205,u,Has joined Union SG permanently,29,0,0.0,1.0,0,0.0,-205,0.0,GK
2024-25,143,Boscagli,BHA,2,4.2,21,439,0,1,1,5,0,0,0,2,0,0,2,88,122.0,46.4,12.0,18.1,0.5,2.6,5.0,0.1,0.1,6543,12963,a,,29,4,4.305239179954442,0.41666666666666663,1,5.0,-6420,0.1681992337164751,DEF
2024-25,144,Coppola,BHA,2,4.2,10,193,0,0,1,3,0,0,0,2,0,0,0,32,42.4,3.7,2.0,4.8,0.0,2.0,2.4,0.0,0.0,2735,8261,u,has joined Paris FC on loan for the rest of the season.,29,2,4.66321243523316,0.33333333333333337,0,2.380952380952381,-5526,0.0739463601532567,DEF
2024-25,145,De Cuyper,BHA,2,4.3,60,1131,2,0,4,18,0,0,0,2,0,0,6,226,215.0,319.7,132.0,66.7,0.5,2.6,14.0,0.1,1.7,254639,716876,a,,29,12,4.774535809018568,0.41666666666666663,2,13.953488372093023,-462237,0.43333333333333335,DEF
2024-25,146,Dunk,BHA,2,4.5,70,2385,0,1,5,34,0,0,0,9,0,0,0,340,538.0,96.1,147.0,78.3,2.2,2.6,15.6,0.5,1.0,156730,198552,a,,29,26,2.6415094339622645,0.888888888888889,1,15.555555555555555,-41822,0.9137931034482759,DEF
2024-25,147,Estupiñan,BHA,2,4.5,0,0,0,0,0,0,0,0,0,0,0,0,0,0,0.0,0.0,0.0,0.0,0.0,0.0,0.0,0.0,0.0,0,1985,u,Has joined AC Milan permanently,29,0,0.0,1.0,0,0.0,-1985,0.0,DEF
2024-25,148,F.Kadıoğlu,BHA,2,4.4,76,2320,0,2,6,31,0,0,0,6,0,0,4,358,360.2,342.9,176.0,88.2,3.2,2.7,17.3,0.7,0.3,81261,66891,a,,29,25,2.9482758620689657,0.8648648648648649,2,17.27272727272727,14370,0.8888888888888888,DEF
2024-25,149,Igor,BHA,2,4.5,6,103,0,0,0,3,0,0,0,0,0,0,0,10,25.8,10.6,0.0,3.6,0.0,1.5,1.3,0.0,0.1,9193,10356,a,,29,1,5.242718446601942,0.4,0,1.3333333333333333,-1163,0.03946360153256705,DEF
2024-25,150,Lamptey,BHA,2,4.4,0,0,0,0,0,0,0,0,0,0,0,0,0,0,0.0,0.0,0.0,0.0,0.0,0.0,0.0,0.0,0.1,2778,38604,u,has joined Fiorentina permanently.,29,0,0.0,1.0,0,0.0,-35826,0.0,DEF
2024-25,151,Van Hecke,BHA,2,4.4,107,2400,3,2,6,34,1,0,0,7,0,0,7,416,765.2,181.3,228.0,117.8,5.0,4.0,24.3,1.1,3.9,1005405,655476,a,,29,26,4.0125,0.8,5,24.318181818181817,349929,0.9195402298850575,DEF
2024-25,152,Veltman,BHA,2,4.3,34,840,1,0,1,12,0,0,0,4,0,0,1,130,219.8,71.5,63.0,35.5,1.0,2.0,7.9,0.2,0.1,22209,36233,a,,29,9,3.6428571428571432,0.6666666666666667,1,7.906976744186047,-14024,0.3218390804597701,DEF
2024-25,153,Webster,BHA,2,4.4,0,0,0,0,0,0,0,0,0,0,0,0,0,0,0.0,0.0,0.0,0.0,0.0,0.0,0.0,0.0,0.0,955,1730,i,Knee injury - Unknown return date,29,0,0.0,1.0,0,0.0,-775,0.0,DEF
2024-25,154,Cashin,BHA,2,4.0,0,0,0,0,0,0,0,0,0,0,0,0,0,0,0.0,0.0,0.0,0.0,0.0,0.0,0.0,0.0,0.0,0,781,u,has joined Blackburn Rovers on loan for the rest of the season.,29,0,0.0,1.0,0,0.0,-781,0.0,DEF
2024-25,155,Slater,BHA,2,4.0,0,0,0,0,0,0,0,0,0,0,0,0,0,0,0.0,0.0,0.0,0.0,0.0,0.0,0.0,0.0,0.1,3175,16635,u,has joined Harrogate Town on loan until January.,29,0,0.0,1.0,0,0.0,-13460,0.0,DEF
2024-25,156,Tasker,BHA,2,3.8,0,0,0,0,0,0,0,0,0,0,0,0,0,0,0.0,0.0,0.0,0.0,0.0,0.0,0.0,0.0,0.2,12197,17207,a,,29,0,0.0,1.0,0,0.0,-5010,0.0,DEF
2024-25,157,Mitoma,BHA,3,6.1,50,1408,2,1,4,16,0,0,0,3,0,0,2,184,222.2,362.3,305.0,88.6,2.0,2.6,8.2,0.3,1.9,280965,854416,d,Ankle injury - 75% chance of playing,29,15,3.1960227272727275,0.8333333333333333,3,8.196721311475411,-573451,0.539463601532567,MID
2024-25,158,Georginio,BHA,3,5.6,69,1592,2,4,6,17,1,0,0,2,0,0,2,232,263.6,291.5,368.0,92.2,1.0,2.9,12.3,0.2,0.3,130612,253476,a,,29,17,3.900753768844221,0.5128205128205128,6,12.321428571428573,-122864,0.6099616858237548,MID
2024-25,159,March,BHA,3,5.8,1,4,0,0,0,0,0,0,0,0,0,0,0,4,0.0,0.0,0.0,0.0,0.2,1.0,0.2,0.0,0.0,1133,2633,a,,29,0,22.5,0.6,0,0.1724137931034483,-1500,0.0015325670498084292,MID
2024-25,160,Minteh,BHA,3,5.5,85,1679,1,8,6,26,0,0,0,0,0,0,6,323,319.8,464.5,469.0,125.5,0.5,3.4,15.5,0.1,1.8,1923704,1875576,a,,29,18,4.556283502084574,0.34090909090909094,9,15.454545454545455,48128,0.6432950191570881,MID
2024-25,161,Enciso,BHA,3,5.4,0,0,0,0,0,0,0,0,0,0,0,0,0,0,0.0,0.0,0.0,0.0,0.0,0.0,0.0,0.0,0.0,105,2960,u,has joined Strasbourg permanently.,29,0,0.0,1.0,0,0.0,-2855,0.0,MID
2024-25,162,Gruda,BHA,3,5.4,35,708,1,1,2,11,0,0,0,2,0,0,2,114,134.4,217.1,152.0,50.0,0.0,1.9,6.5,0.0,0.0,16799,19695,u,has joined Leipzig on loan for the rest of the season.,29,7,4.4491525423728815,0.3448275862068966,2,6.481481481481481,-2896,0.271264367816092,MID
2024-25,163,Hinshelwood,BHA,3,5.1,50,1001,1,4,2,16,1,0,0,0,0,0,2,179,158.0,115.0,166.0,43.5,3.2,2.8,9.8,0.6,0.1,9968,17263,a,,29,11,4.495504495504496,0.894736842105263,5,9.803921568627452,-7295,0.38352490421455937,MID
2024-25,164,O'Riley,BHA,3,5.5,13,185,1,0,1,2,0,0,0,0,0,0,2,40,61.6,67.4,63.0,19.2,0.0,4.3,2.4,0.0,0.3,131956,199633,a,,29,2,6.324324324324325,0.18867924528301883,1,2.3636363636363638,-67677,0.07088122605363985,MID
2024-25,165,Sima,BHA,3,5.4,0,0,0,0,0,0,0,0,0,0,0,0,0,0,0.0,0.0,0.0,0.0,0.0,0.0,0.0,0.0,0.0,247,2245,u,has joined Lens permanently.,29,0,0.0,1.0,0,0.0,-1998,0.0,MID
2024-25,166,Ayari,BHA,3,4.8,83,1711,3,3,5,21,0,0,0,1,0,0,7,348,311.4,215.0,206.0,73.4,0.0,3.8,17.3,0.0,0.4,199979,178392,a,,29,19,4.365867913500876,0.20833333333333337,6,17.291666666666668,21587,0.6555555555555556,MID
2024-25,167,Baleba,BHA,3,4.5,40,1261,0,0,4,17,0,0,0,5,0,0,0,152,99.4,92.8,29.0,22.1,1.0,1.7,8.9,0.2,1.5,199690,548661,a,,29,14,2.854877081681205,0.7407407407407407,0,8.88888888888889,-348971,0.48314176245210727,MID
2024-25,169,Gomez,BHA,3,4.9,79,1748,5,0,6,24,0,0,0,7,0,0,9,324,398.2,290.4,359.0,104.9,5.8,3.0,16.1,1.2,0.3,92827,72574,a,,29,19,4.067505720823799,0.30000000000000004,5,16.122448979591837,20253,0.6697318007662836,MID
2024-25,170,Milner,BHA,3,4.9,29,549,1,1,1,13,0,0,0,2,0,0,0,125,116.4,128.4,54.0,29.7,1.8,1.7,5.9,0.4,0.1,18830,23556,a,,29,6,4.754098360655738,0.9629629629629629,2,5.918367346938775,-4726,0.2103448275862069,MID
2024-25,171,Sarmiento,BHA,3,4.9,0,0,0,0,0,0,0,0,0,0,0,0,0,0,0.0,0.0,0.0,0.0,0.0,0.0,0.0,0.0,0.0,197,2966,u,has joined Middlesbrough on loan for the rest of the season.,29,0,0.0,1.0,0,0.0,-2769,0.0,MID
2024-25,172,Watson,BHA,3,4.8,5,57,0,0,0,2,0,0,0,1,0,0,0,15,6.0,2.4,7.0,1.6,0.0,0.8,1.0,0.0,0.0,2397,4207,u,has joined Millwall on loan for the rest of the season.,29,0,7.894736842105263,0.5555555555555556,0,1.0416666666666667,-1810,0.021839080459770115,MID
2024-25,173,Wieffer,BHA,3,4.9,65,1389,0,4,4,19,0,0,0,6,0,0,3,288,340.0,246.3,159.0,74.6,1.8,3.4,13.3,0.4,0.1,79858,78052,a,,29,15,4.211663066954643,0.6363636363636365,4,13.265306122448978,1806,0.532183908045977,MID
2024-25,174,Yalcouye,BHA,3,5.0,0,0,0,0,0,0,0,0,0,0,0,0,0,0,0.0,0.0,0.0,0.0,0.0,0.0,0.0,0.0,0.0,0,1266,u,Has joined Swansea City on loan for the rest of the season.,29,0,0.0,1.0,0,0.0,-1266,0.0,MID
2024-25,175,Knight,BHA,3,4.4,1,1,0,0,0,0,0,0,0,0,0,0,0,3,0.0,0.0,0.0,0.0,0.0,1.0,0.2,0.0,0.1,11030,15017,u,has joined Stevenage permanently.,29,0,90.0,0.5,0,0.22727272727272727,-3987,0.0003831417624521073,MID
2024-25,176,Mazilu,BHA,3,4.5,0,0,0,0,0,0,0,0,0,0,0,0,0,0,0.0,0.0,0.0,0.0,0.0,0.0,0.0,0.0,0.0,1435,4596,u,has joined Dinamo Bucharest permanently.,29,0,0.0,1.0,0,0.0,-3161,0.0,MID
2024-25,177,Moran,BHA,3,4.5,0,0,0,0,0,0,0,0,0,0,0,0,0,0,0.0,0.0,0.0,0.0,0.0,0.0,0.0,0.0,0.0,490,5106,u,Has joined Los Angeles FC on loan for the rest of the season.,29,0,0.0,1.0,0,0.0,-4616,0.0,MID
2024-25,178,Welbeck,BHA,4,6.1,92,1645,10,0,6,21,0,0,2,4,0,0,14,356,407.4,233.1,482.0,111.6,5.2,3.3,15.1,0.9,3.8,2048371,2156191,a,,29,18,5.033434650455927,0.5581395348837208,10,15.081967213114755,-107820,0.6302681992337165,FWD
2024-25,179,Ferguson,BHA,4,5.5,0,0,0,0,0,0,0,0,0,0,0,0,0,0,0.0,0.0,0.0,0.0,0.0,0.0,0.0,0.0,0.0,0,1560,u,Has joined AS Roma on loan for the rest of the season,29,0,0.0,1.0,0,0.0,-1560,0.0,FWD
2024-25,180,Tzimas,BHA,4,5.2,16,132,1,1,0,2,0,0,0,0,0,0,0,55,66.6,65.7,44.0,17.7,0.0,1.8,3.1,0.0,0.1,13228,23215,i,Knee injury - Expected back 01 Jun,29,1,10.90909090909091,0.3571428571428571,2,3.0769230769230766,-9987,0.05057471264367816,FWD
2024-25,181,Kostoulas,BHA,4,4.8,30,292,2,1,1,7,0,0,0,2,0,0,3,117,129.6,80.0,192.0,40.1,0.2,1.9,6.2,0.0,0.3,55495,75862,a,,29,3,9.246575342465754,0.4137931034482759,3,6.25,-20367,0.11187739463601533,FWD
2024-25,744,Oriola,BHA,3,4.5,1,1,0,0,0,0,0,0,0,0,0,0,0,3,0.0,0.0,0.0,0.0,0.0,1.0,0.2,0.0,0.0,2829,2060,a,,29,0,90.0,0.5,0,0.2222222222222222,769,0.0003831417624521073,MID
2024-25,761,Simmonds,BHA,2,4.0,0,0,0,0,0,0,0,0,0,0,0,0,0,0,0.0,0.0,0.0,0.0,0.0,0.0,0.0,0.0,0.0,1020,772,a,,29,0,0.0,1.0,0,0.0,248,0.0,DEF
2024-25,783,Groß,BHA,3,5.5,33,826,1,1,2,7,0,0,0,2,0,0,4,179,197.2,316.3,102.0,61.5,3.0,3.3,6.0,0.5,0.1,21980,11099,a,,29,9,3.595641646489104,0.930232558139535,2,6.0,10881,0.3164750957854406,MID
2024-25,795,Howell,BHA,3,4.5,4,92,0,0,0,2,0,0,0,0,0,0,0,11,10.2,5.1,2.0,1.8,0.5,1.3,0.9,0.1,0.0,754,277,a,,29,1,3.9130434782608696,0.6521739130434783,0,0.8888888888888888,477,0.03524904214559387,MID
2024-25,220,Sánchez,CHE,1,4.9,97,2344,0,1,9,32,0,0,0,3,1,71,7,435,618.4,50.0,0.0,66.4,1.3,3.6,19.8,0.3,13.4,1685092,2883418,a,,29,26,3.7244027303754264,0.5,1,19.79591836734694,-1198326,0.8980842911877395,GK
2024-25,221,Jörgensen,CHE,1,4.3,6,264,0,0,0,4,0,0,0,0,0,6,0,35,59.6,0.0,0.0,5.9,1.0,2.0,1.4,0.2,0.2,15899,27219,a,,29,2,2.0454545454545454,0.6666666666666667,0,1.3953488372093024,-11320,0.10114942528735632,GK
2024-25,222,Penders,CHE,1,4.0,0,0,0,0,0,0,0,0,0,0,0,0,0,0,0.0,0.0,0.0,0.0,0.0,0.0,0.0,0.0,0.0,0,341,u,Has joined RC Strasbourg on loan for the rest of the season.,29,0,0.0,1.0,0,0.0,-341,0.0,GK
2024-25,223,Slonina,CHE,1,3.9,0,0,0,0,0,0,0,0,0,0,0,0,0,0,0.0,0.0,0.0,0.0,0.0,0.0,0.0,0.0,0.1,10079,12692,a,,29,0,0.0,1.0,0,0.0,-2613,0.0,GK
2024-25,224,Cucurella,CHE,2,6.0,91,1896,1,3,9,21,0,0,0,5,1,0,5,416,434.0,395.2,194.0,102.3,0.3,3.6,15.2,0.0,13.7,2727523,3697556,a,,29,21,4.3196202531645564,0.28260869565217384,4,15.166666666666666,-970033,0.7264367816091954,DEF
2024-25,225,James,CHE,2,5.6,111,1802,2,6,8,19,0,0,0,4,0,0,11,466,428.6,414.4,98.0,94.3,4.7,4.3,19.8,0.8,8.4,2152080,1898880,a,,29,20,5.543840177580466,0.9245283018867924,8,19.821428571428573,253200,0.6904214559386973,DEF
2024-25,226,Chalobah,CHE,2,5.6,129,2460,3,1,9,33,0,0,0,3,1,0,7,486,662.2,93.8,145.0,90.0,1.7,4.6,23.0,0.3,18.5,4797626,2820615,a,,29,27,4.719512195121951,0.4821428571428572,4,23.03571428571429,1977011,0.9425287356321839,DEF
2024-25,227,Colwill,CHE,2,4.7,0,0,0,0,0,0,0,0,0,0,0,0,0,0,0.0,0.0,0.0,0.0,0.0,0.0,0.0,0.0,0.1,1224,30688,i,Anterior cruciate ligament - Unknown return date,29,0,0.0,1.0,0,0.0,-29464,0.0,DEF
2024-25,228,Gusto,CHE,2,4.9,89,1644,2,3,7,21,0,0,0,2,1,0,7,351,346.8,290.4,162.0,79.9,4.0,3.4,18.2,0.8,1.9,481244,478649,a,,29,18,4.872262773722628,0.8636363636363636,5,18.163265306122447,2595,0.6298850574712643,DEF
2024-25,229,B.Badiashile,CHE,2,4.4,7,470,0,0,0,10,0,0,0,2,0,0,0,48,102.8,7.9,2.0,11.4,0.0,0.9,1.6,0.0,0.0,8922,9136,a,,29,5,1.3404255319148937,0.5263157894736842,0,1.5909090909090908,-214,0.18007662835249041,DEF
2024-25,230,Fofana,CHE,2,4.4,50,1101,0,1,4,12,0,0,0,2,1,0,3,238,325.8,46.9,34.0,40.6,0.3,2.9,11.4,0.1,0.3,111894,104237,a,,29,12,4.087193460490463,0.33333333333333326,1,11.363636363636363,7657,0.4218390804597701,DEF
2024-25,231,M.Sarr,CHE,2,4.5,2,91,0,0,0,3,0,0,0,0,0,0,0,1,6.2,0.1,7.0,1.3,0.7,1.0,0.4,0.2,0.0,2565,2807,a,,29,1,1.978021978021978,0.85,0,0.4444444444444444,-242,0.03486590038314176,DEF
2024-25,232,Tosin,CHE,2,4.0,33,731,0,0,2,12,0,0,0,2,0,0,2,122,226.2,32.0,19.0,27.8,1.0,2.4,8.2,0.2,0.3,107104,221617,a,,29,8,4.062927496580027,0.5882352941176471,0,8.25,-114513,0.2800766283524904,DEF
2024-25,233,Acheampong,CHE,2,3.7,33,567,1,0,2,12,0,0,0,1,0,0,5,98,125.2,39.2,66.0,23.1,0.3,2.8,8.9,0.1,1.7,583799,490183,a,,29,6,5.238095238095238,0.3421052631578947,1,8.91891891891892,93616,0.21724137931034482,DEF
2024-25,234,Anselmino,CHE,2,4.0,0,0,0,0,0,0,0,0,0,0,0,0,0,0,0.0,0.0,0.0,0.0,0.0,0.0,0.0,0.0,0.1,1262,10209,u,has joined Strasbourg on loan for the rest of the season.,29,0,0.0,1.0,0,0.0,-8947,0.0,DEF
2024-25,235,Palmer,CHE,3,10.6,92,1236,9,2,3,18,0,0,0,4,0,0,9,320,432.0,239.0,405.0,107.4,4.3,5.1,8.7,0.4,16.3,2543748,7261235,a,,29,13,6.699029126213593,0.8688524590163935,11,8.679245283018869,-4717487,0.4735632183908046,MID
2024-25,236,Neto,CHE,3,7.0,106,2138,5,5,11,21,0,0,0,2,1,0,8,454,442.8,684.0,427.0,155.6,2.3,3.8,15.1,0.3,4.2,1932716,1971017,s,Suspended until 21 Mar,29,23,4.462114125350795,0.6875,10,15.142857142857142,-38301,0.8191570881226053,MID
2024-25,237,Enzo,CHE,3,6.7,125,2397,8,4,8,31,0,0,0,8,0,0,14,547,647.4,743.8,614.0,200.6,2.3,4.5,18.7,0.3,15.7,5429787,4154090,a,,29,26,4.693366708385482,0.6,12,18.65671641791045,1275697,0.9183908045977012,MID
2024-25,238,Estêvão,CHE,3,6.4,55,738,2,5,4,8,0,0,0,3,0,0,4,169,177.2,218.3,283.0,67.7,0.0,2.9,8.6,0.0,1.8,852260,901630,i,Hamstring injury - Expected back 21 Mar,29,8,6.707317073170732,0.2564102564102564,7,8.59375,-49370,0.2827586206896552,MID
2024-25,239,Gittens,CHE,3,6.0,25,486,0,2,1,7,0,0,0,0,0,0,0,99,93.0,130.4,91.0,31.3,0.0,1.6,4.2,0.0,0.1,17127,41917,a,,29,5,4.62962962962963,0.3846153846153846,2,4.166666666666667,-24790,0.18620689655172415,MID
2024-25,240,Nkunku,CHE,3,5.9,0,0,0,0,0,0,0,0,0,0,0,0,0,0,0.0,0.0,0.0,0.0,0.0,0.0,0.0,0.0,0.1,2668,23750,u,has joined AC Milan permanently.,29,0,0.0,1.0,0,0.0,-21082,0.0,MID
2024-25,241,Caicedo,CHE,3,5.7,93,2044,3,1,6,29,0,0,0,8,1,0,10,457,476.6,278.2,104.0,85.7,2.7,3.9,16.3,0.5,7.6,3252812,3198715,a,,29,22,4.094911937377691,0.7551020408163266,4,16.31578947368421,54097,0.7831417624521073,MID
2024-25,244,Lavia,CHE,3,4.9,6,135,0,0,0,3,0,0,0,0,0,0,0,27,11.8,9.0,2.0,2.2,0.7,1.0,1.2,0.1,0.0,2800,4650,a,,29,1,4.0,0.85,0,1.2244897959183672,-1850,0.05172413793103448,MID
2024-25,245,Mudryk,CHE,3,4.9,0,0,0,0,0,0,0,0,0,0,0,0,0,0,0.0,0.0,0.0,0.0,0.0,0.0,0.0,0.0,0.0,1010,1302,s,Suspended - unknown return date,29,0,0.0,1.0,0,0.0,-292,0.0,MID
2024-25,246,Andrey Santos,CHE,3,4.5,31,964,0,0,1,12,0,0,0,4,0,0,0,171,150.4,125.9,61.0,33.7,1.7,1.4,6.9,0.4,0.3,76465,83262,a,,29,10,2.894190871369294,0.875,0,6.888888888888889,-6797,0.3693486590038314,MID
2024-25,247,D.Essugo,CHE,3,4.3,0,0,0,0,0,0,0,0,0,0,0,0,0,0,0.0,0.0,0.0,0.0,0.0,0.0,0.0,0.0,0.1,12655,14201,a,,29,0,0.0,1.0,0,0.0,-1546,0.0,MID
2024-25,248,Paez,CHE,3,4.5,0,0,0,0,0,0,0,0,0,0,0,0,0,0,0.0,0.0,0.0,0.0,0.0,0.0,0.0,0.0,0.0,0,950,u,has joined River Plate on loan for the rest of the season.,29,0,0.0,1.0,0,0.0,-950,0.0,MID
2024-25,249,João Pedro,CHE,4,7.7,160,2140,14,9,10,23,0,0,0,4,0,0,28,651,710.8,409.8,778.0,189.4,9.3,5.5,20.8,1.2,48.0,7991375,8584217,a,,29,23,6.728971962616822,0.41538461538461524,23,20.77922077922078,-592842,0.8199233716475096,FWD
2024-25,250,Delap,CHE,4,6.2,36,727,1,2,2,13,0,0,0,2,0,0,1,110,58.8,54.8,287.0,39.1,1.0,1.8,5.8,0.2,0.9,109123,466114,a,,29,8,4.456671251719395,0.7142857142857142,3,5.806451612903226,-356991,0.278544061302682,FWD
2024-25,251,N.Jackson,CHE,4,6.5,0,0,0,0,0,0,0,0,0,0,0,0,0,0,0.0,0.0,0.0,0.0,0.0,0.0,0.0,0.0,0.1,4962,15358,u,has joined Bayern Munich on loan for the rest of the season.,29,0,0.0,1.0,0,0.0,-10396,0.0,FWD
2024-25,252,Marc Guiu,CHE,4,4.1,12,247,0,1,0,2,0,0,0,1,0,0,0,19,24.6,38.8,81.0,12.6,0.0,1.3,2.9,0.0,5.6,1220000,2731891,a,,29,2,4.372469635627531,0.4347826086956521,1,2.9268292682926833,-1511891,0.0946360153256705,FWD
2024-25,453,Garnacho,CHE,3,6.4,49,983,1,4,4,13,0,0,0,1,0,0,3,185,183.4,319.3,318.0,81.1,2.3,2.7,7.7,0.4,0.5,238826,229818,a,,29,10,4.486266531027467,0.8918918918918918,5,7.65625,9008,0.3766283524904215,MID
2024-25,672,Hato,CHE,2,4.6,10,540,0,0,0,13,0,0,0,4,0,0,0,33,95.6,67.2,24.0,18.7,0.7,0.7,2.2,0.2,0.2,17464,40401,a,,29,6,1.6666666666666665,1.0,0,2.173913043478261,-22937,0.20689655172413793,DEF
2024-25,743,Emenalo,CHE,3,4.5,0,0,0,0,0,0,0,0,0,0,0,0,0,0,0.0,0.0,0.0,0.0,0.0,0.0,0.0,0.0,0.0,1519,1372,a,,29,0,0.0,1.0,0,0.0,147,0.0,MID
2024-25,789,Merrick,CHE,1,4.0,0,0,0,0,0,0,0,0,0,0,0,0,0,0,0.0,0.0,0.0,0.0,0.0,0.0,0.0,0.0,0.0,410,313,a,,29,0,0.0,1.0,0,0.0,97,0.0,GK
2024-25,803,Sharman-Lowe,CHE,1,4.0,0,0,0,0,0,0,0,0,0,0,0,0,0,0,0.0,0.0,0.0,0.0,0.0,0.0,0.0,0.0,0.0,171,106,a,,29,0,0.0,1.0,0,0.0,65,0.0,GK
2024-25,253,Henderson,CRY,1,5.0,115,2610,0,0,10,35,0,1,0,3,0,86,7,478,692.0,10.0,0.0,70.1,5.8,4.0,23.0,1.2,8.3,1057812,923377,a,,29,29,3.96551724137931,0.64,0,23.0,134435,1.0,GK
2024-25,254,Benitez,CRY,1,4.0,0,0,0,0,0,0,0,0,0,0,0,0,0,0,0.0,0.0,0.0,0.0,0.0,0.0,0.0,0.0,0.3,15343,31082,a,,29,0,0.0,1.0,0,0.0,-15739,0.0,GK
2024-25,255,Matthews,CRY,1,3.9,0,0,0,0,0,0,0,0,0,0,0,0,0,0,0.0,0.0,0.0,0.0,0.0,0.0,0.0,0.0,0.1,6142,8681,a,,29,0,0.0,1.0,0,0.0,-2539,0.0,GK
2024-25,256,Muñoz,CRY,2,5.9,109,1779,3,3,9,20,0,0,0,5,0,0,8,386,438.8,302.3,285.0,102.5,3.0,5.2,18.5,0.5,8.0,3676860,3796438,d,Shoulder injury - 75% chance of playing,29,19,5.51433389544688,0.6451612903225806,6,18.47457627118644,-119578,0.6816091954022988,DEF
2024-25,257,Lacroix,CRY,2,5.1,119,2395,1,2,9,34,0,0,0,3,1,0,7,412,627.2,79.5,217.0,92.4,1.5,4.4,23.3,0.3,4.5,1603130,1254359,a,,29,26,4.471816283924843,0.4629629629629629,3,23.333333333333336,348771,0.9176245210727969,DEF
2024-25,258,Mitchell,CRY,2,5.0,108,2578,1,1,10,35,0,0,0,5,0,0,7,384,499.6,363.2,187.0,105.1,3.8,3.7,21.6,0.8,2.2,465681,379560,a,,29,28,3.770364623739333,0.9787234042553192,2,21.6,86121,0.9877394636015325,DEF
2024-25,259,Sosa,CRY,2,4.8,5,53,0,0,0,1,0,0,0,0,0,0,0,10,11.0,12.2,4.0,2.7,0.0,1.0,1.0,0.0,0.1,11251,18388,a,,29,0,8.49056603773585,0.5,0,1.0416666666666667,-7137,0.020306513409961684,DEF
2024-25,261,Richards,CRY,2,4.4,104,2242,1,0,9,31,0,0,0,3,0,0,3,382,605.6,119.1,135.0,86.2,2.8,4.2,23.6,0.6,2.6,947107,797364,a,,29,24,4.174843889384478,0.7307692307692307,1,23.636363636363633,149743,0.8590038314176245,DEF
2024-25,262,Chadi Riad,CRY,2,4.0,14,312,0,1,1,3,0,0,0,2,0,0,0,58,63.8,21.3,14.0,9.9,2.2,2.3,3.5,0.6,0.0,5802,3457,a,,29,3,4.038461538461538,0.9696969696969698,1,3.5,2345,0.11954022988505747,DEF
2024-25,263,Clyne,CRY,2,3.8,15,494,0,1,0,9,0,0,0,1,0,0,2,49,80.6,53.5,33.0,16.6,0.2,1.9,3.9,0.1,0.6,90909,103452,a,,29,5,2.7327935222672064,0.4137931034482759,1,3.947368421052632,-12543,0.189272030651341,DEF
2024-25,264,Holding,CRY,2,4.0,0,0,0,0,0,0,0,0,0,0,0,0,0,0,0.0,0.0,0.0,0.0,0.0,0.0,0.0,0.0,0.0,0,3914,u,Has joined Colorado Rapids permanently.,29,0,0.0,1.0,0,0.0,-3914,0.0,DEF
2024-25,265,Kporha,CRY,2,4.0,0,0,0,0,0,0,0,0,0,0,0,0,0,0,0.0,0.0,0.0,0.0,0.0,0.0,0.0,0.0,0.0,856,2331,a,,29,0,0.0,1.0,0,0.0,-1475,0.0,DEF
2024-25,267,Sarr,CRY,3,6.3,90,1636,7,1,8,19,0,0,0,2,0,0,9,282,377.0,198.4,396.0,97.3,5.2,4.7,14.3,0.8,3.9,2610971,2737167,a,,29,18,4.951100244498777,0.9122807017543859,8,14.285714285714286,-126196,0.6268199233716475,MID
2024-25,268,Doucouré,CRY,3,4.9,0,0,0,0,0,0,0,0,0,0,0,0,0,0,0.0,0.0,0.0,0.0,0.0,0.0,0.0,0.0,0.0,442,658,i,Knee injury - Unknown return date,29,0,0.0,1.0,0,0.0,-216,0.0,MID
2024-25,269,Esse,CRY,3,4.7,4,40,0,0,0,0,0,0,0,0,0,0,0,12,6.8,2.7,6.0,1.5,0.0,1.0,0.9,0.0,0.1,11622,28775,u,has joined Coventry City on loan for the rest of the season.,29,0,9.0,0.5,0,0.851063829787234,-17153,0.01532567049808429,MID
2024-25,270,Hughes,CRY,3,4.7,39,1231,0,1,5,13,0,0,0,6,0,0,0,187,162.2,285.8,86.0,53.5,0.8,1.5,8.3,0.2,0.1,21390,24895,a,,29,13,2.851340373679935,0.72,1,8.297872340425531,-3505,0.47164750957854407,MID
2024-25,271,Kamada,CRY,3,5.0,52,1469,0,2,6,17,0,0,0,2,0,0,0,250,177.2,243.2,136.0,55.8,1.5,2.7,10.4,0.3,0.1,43929,42987,a,,29,16,3.185840707964602,0.6756756756756757,2,10.4,942,0.5628352490421455,MID
2024-25,272,Lerma,CRY,3,4.9,51,1156,0,4,5,15,1,0,0,6,0,0,3,205,215.6,152.9,174.0,54.3,0.2,2.2,10.4,0.0,0.1,12008,14664,a,,29,12,3.9705882352941178,0.375,4,10.408163265306122,-2656,0.442911877394636,MID
2024-25,273,Wharton,CRY,3,5.0,90,2135,0,6,8,33,0,0,0,4,1,0,6,412,379.6,537.3,147.0,106.6,5.2,3.5,18.0,1.0,0.6,173344,172678,a,,29,23,3.793911007025761,0.6222222222222222,6,18.0,666,0.8180076628352491,MID
2024-25,274,Agbinone,CRY,3,4.3,0,0,0,0,0,0,0,0,0,0,0,0,0,0,0.0,0.0,0.0,0.0,0.0,0.0,0.0,0.0,0.1,14519,10584,a,,29,0,0.0,1.0,0,0.0,3935,0.0,MID
2024-25,275,Ahamada,CRY,3,4.3,0,0,0,0,0,0,0,0,0,0,0,0,0,0,0.0,0.0,0.0,0.0,0.0,0.0,0.0,0.0,0.0,5497,7738,u,has joined AJ Auxerre permanently.,29,0,0.0,1.0,0,0.0,-2241,0.0,MID
2024-25,276,Devenny,CRY,3,4.3,29,593,1,0,1,10,0,0,0,0,0,0,0,81,86.6,94.5,164.0,34.5,0.0,1.6,6.7,0.0,1.3,289177,333339,a,,29,6,4.401349072512648,0.3846153846153846,1,6.744186046511628,-44162,0.22720306513409963,MID
2024-25,277,Ebiowei,CRY,3,4.5,0,0,0,0,0,0,0,0,0,0,0,0,0,0,0.0,0.0,0.0,0.0,0.0,0.0,0.0,0.0,0.0,0,749,u,Has joined Blackpool permanently.,29,0,0.0,1.0,0,0.0,-749,0.0,MID
2024-25,278,J.Rak-Sakyi,CRY,3,4.4,0,0,0,0,0,0,0,0,0,0,0,0,0,0,0.0,0.0,0.0,0.0,0.0,0.0,0.0,0.0,0.0,4359,9534,u,has joined Stoke City on loan for the rest of the season.,29,0,0.0,1.0,0,0.0,-5175,0.0,MID
2024-25,279,M.França,CRY,3,4.5,0,0,0,0,0,0,0,0,0,0,0,0,0,0,0.0,0.0,0.0,0.0,0.0,0.0,0.0,0.0,0.0,95,1648,u,Has joined CR Vasco da Gama on loan for the rest of the season.,29,0,0.0,1.0,0,0.0,-1553,0.0,MID
2024-25,280,Ozoh,CRY,3,4.5,0,0,0,0,0,0,0,0,0,0,0,0,0,0,0.0,0.0,0.0,0.0,0.0,0.0,0.0,0.0,0.0,0,191,u,Has joined Derby County on loan for the rest of the season.,29,0,0.0,1.0,0,0.0,-191,0.0,MID
2024-25,281,Rodney,CRY,3,4.4,1,3,0,0,0,0,0,0,0,0,0,0,0,2,0.0,0.1,0.0,0.0,0.0,1.0,0.2,0.0,0.0,5835,6929,a,,29,0,30.0,0.5,0,0.22727272727272727,-1094,0.0011494252873563218,MID
2024-25,282,Umeh,CRY,3,4.5,0,0,0,0,0,0,0,0,0,0,0,0,0,0,0.0,0.0,0.0,0.0,0.0,0.0,0.0,0.0,0.0,860,3061,u,has joined Portsmouth permanently.,29,0,0.0,1.0,0,0.0,-2201,0.0,MID
2024-25,283,Mateta,CRY,4,7.5,84,1904,8,0,8,23,0,0,0,2,0,0,9,281,411.8,119.7,664.0,119.4,0.0,3.7,11.2,0.0,6.5,4731028,5136105,a,,29,21,3.9705882352941178,0.21276595744680848,8,11.2,-405077,0.7295019157088123,FWD
2024-25,284,Nketiah,CRY,4,5.4,23,414,2,0,0,12,0,0,0,2,0,0,3,100,120.0,84.6,173.0,37.8,0.0,1.9,4.3,0.0,0.3,124415,145816,i,Hamstring injury - Expected back 11 Apr,29,4,5.0,0.3448275862068966,2,4.259259259259259,-21401,0.15862068965517243,FWD
2024-25,285,Édouard,CRY,4,5.0,1,2,0,0,0,0,0,0,0,0,0,0,0,6,2.0,0.0,0.0,0.2,0.0,1.0,0.2,0.0,0.2,9044,89485,u,has joined RC Lens permanently.,29,0,45.0,0.5,0,0.2,-80441,0.0007662835249042146,FWD
2024-25,286,Marsh,CRY,4,4.4,0,0,0,0,0,0,0,0,0,0,0,0,0,0,0.0,0.0,0.0,0.0,0.0,0.0,0.0,0.0,0.3,50997,58389,a,,29,0,0.0,1.0,0,0.0,-7392,0.0,FWD
2024-25,580,Johnson,CRY,3,6.5,51,1145,2,1,4,13,0,0,0,4,0,0,2,174,184.8,192.5,189.0,56.3,1.8,2.0,7.8,0.3,2.4,1144979,1318889,a,,29,12,4.008733624454148,0.9333333333333333,3,7.846153846153846,-173910,0.4386973180076628,MID
2024-25,654,Strand Larsen,CRY,4,6.1,61,1806,4,1,5,31,0,0,1,4,0,0,3,183,242.2,163.8,384.0,77.8,5.2,2.3,10.0,0.9,2.2,465078,724181,a,,29,20,3.0398671096345518,0.1212121212121211,5,10.0,-259103,0.6919540229885057,FWD
2024-25,677,Guessand,CRY,3,6.2,39,790,1,3,1,15,0,0,0,0,0,0,0,132,154.8,72.9,167.0,39.1,2.5,2.2,6.3,0.4,0.1,10638,13469,a,,29,8,4.443037974683544,0.90625,4,6.290322580645161,-2831,0.30268199233716475,MID
2024-25,690,Cardines,CRY,3,4.4,0,0,0,0,0,0,0,0,0,0,0,0,0,0,0.0,0.0,0.0,0.0,0.0,0.0,0.0,0.0,0.3,58153,55615,a,,29,0,0.0,1.0,0,0.0,2538,0.0,MID
2024-25,712,Yeremy,CRY,3,5.8,65,1706,2,1,7,20,0,0,0,4,0,0,3,265,271.0,573.4,318.0,116.0,1.2,2.5,11.2,0.2,0.2,129035,111855,a,,29,18,3.4290738569753807,0.6285714285714286,3,11.206896551724139,17180,0.653639846743295,MID
2024-25,723,Canvot,CRY,2,4.5,37,622,0,0,3,9,0,0,0,2,0,0,4,114,164.4,24.8,28.0,21.6,2.5,3.1,8.2,0.6,0.0,5322,3999,a,,29,6,5.353697749196142,0.8536585365853658,0,8.222222222222221,1323,0.23831417624521073,DEF
2024-25,732,Uche,CRY,4,5.5,17,159,0,1,0,4,0,0,0,0,0,0,0,42,13.2,7.1,73.0,8.8,0.5,1.2,3.1,0.1,0.1,14571,10965,a,,29,1,9.622641509433963,0.6818181818181819,1,3.090909090909091,3606,0.06091954022988506,FWD
2024-25,762,Drakes-Thomas,CRY,3,4.5,2,7,0,0,0,1,0,0,0,0,0,0,0,6,1.4,1.0,0.0,0.3,0.0,1.0,0.4,0.0,0.0,674,410,a,,29,0,25.71428571428571,0.5,0,0.4444444444444444,264,0.0026819923371647508,MID
2024-25,773,Benamar,CRY,2,4.0,0,0,0,0,0,0,0,0,0,0,0,0,0,0,0.0,0.0,0.0,0.0,0.0,0.0,0.0,0.0,0.0,710,530,a,,29,0,0.0,1.0,0,0.0,180,0.0,DEF
2024-25,780,Casey,CRY,4,4.5,0,0,0,0,0,0,0,0,0,0,0,0,0,0,0.0,0.0,0.0,0.0,0.0,0.0,0.0,0.0,0.0,3072,1557,a,,29,0,0.0,1.0,0,0.0,1515,0.0,FWD
2024-25,793,King,CRY,2,4.0,0,0,0,0,0,0,0,0,0,0,0,0,0,0,0.0,0.0,0.0,0.0,0.0,0.0,0.0,0.0,0.0,1281,596,a,,29,0,0.0,1.0,0,0.0,685,0.0,DEF
2024-25,798,Imray,CRY,2,4.0,0,0,0,0,0,0,0,0,0,0,0,0,0,0,0.0,0.0,0.0,0.0,0.0,0.0,0.0,0.0,0.0,142,175,u,has joined West Brom on loan for the rest of the season.,29,0,0.0,1.0,0,0.0,-33,0.0,DEF
2024-25,242,Dewsbury-Hall,EVE,3,5.1,112,1828,6,5,7,23,0,0,0,6,0,0,14,435,431.8,431.9,296.0,116.0,6.3,5.1,22.0,1.2,5.1,1983848,1882606,a,,29,20,5.514223194748359,0.8032786885245902,11,21.96078431372549,101242,0.7003831417624521,MID
2024-25,243,George,EVE,3,4.8,9,244,0,0,1,3,0,0,0,2,0,0,0,14,14.6,17.2,77.0,10.5,0.7,1.1,1.9,0.1,0.1,9218,10409,a,,29,2,3.319672131147541,0.8095238095238095,0,1.875,-1191,0.09348659003831418,MID
2024-25,287,Pickford,EVE,1,5.6,117,2610,0,0,10,33,0,1,0,2,0,78,11,465,683.4,0.2,2.0,68.6,3.0,4.0,20.9,0.5,13.2,1628798,1403630,a,,29,29,4.0344827586206895,0.8,0,20.892857142857146,225168,1.0,GK
2024-25,288,Travers,EVE,1,4.3,0,0,0,0,0,0,0,0,0,0,0,0,0,0,0.0,0.0,0.0,0.0,0.0,0.0,0.0,0.0,0.1,4624,12147,a,,29,0,0.0,1.0,0,0.0,-7523,0.0,GK
2024-25,289,Tyrer,EVE,1,3.9,0,0,0,0,0,0,0,0,0,0,0,0,0,0,0.0,0.0,0.0,0.0,0.0,0.0,0.0,0.0,0.1,4633,10101,u,has joined Cardiff City permanently.,29,0,0.0,1.0,0,0.0,-5468,0.0,GK
2024-25,290,Branthwaite,EVE,2,5.3,24,490,1,1,1,6,0,0,0,1,0,0,0,84,121.2,31.6,74.0,22.7,5.7,3.4,4.5,1.1,0.4,49025,78625,a,,29,5,4.408163265306122,0.4772727272727273,2,4.528301886792453,-29600,0.18773946360153257,DEF
2024-25,291,Tarkowski,EVE,2,5.7,136,2610,1,1,10,33,0,0,0,5,0,0,9,484,746.0,185.6,265.0,120.0,6.3,4.7,23.9,1.1,11.2,2408546,1849118,a,,29,29,4.689655172413793,0.7192982456140351,2,23.859649122807017,559428,1.0,DEF
2024-25,292,Mykolenko,EVE,2,4.9,76,2149,0,1,8,30,1,0,0,5,0,0,1,286,397.8,283.0,65.0,74.5,3.0,3.2,15.5,0.6,0.6,145903,174362,a,,29,23,3.182875756165658,0.9523809523809523,1,15.510204081632653,-28459,0.8233716475095786,DEF
2024-25,293,O'Brien,EVE,2,4.9,93,2366,0,2,9,31,0,0,0,2,1,0,2,322,445.6,224.5,126.0,79.9,2.3,3.3,19.0,0.5,0.7,169570,163474,a,,29,26,3.537616229923922,0.7674418604651163,2,18.97959183673469,6096,0.9065134099616858,DEF
2024-25,294,Coleman,EVE,2,4.2,3,11,0,0,0,0,0,0,0,0,0,0,0,10,0.0,0.1,0.0,0.0,0.0,1.0,0.7,0.0,0.1,6340,17909,d,Knock - 25% chance of playing,29,0,24.545454545454543,0.5,0,0.7142857142857143,-11569,0.00421455938697318,DEF
2024-25,295,Keane,EVE,2,4.6,107,1955,3,0,6,28,0,0,0,0,1,0,8,334,585.0,28.5,228.0,84.1,1.3,4.3,23.3,0.3,3.3,1426746,1072043,a,,29,21,4.9258312020460355,0.4339622641509434,3,23.260869565217394,354703,0.7490421455938697,DEF
2024-25,296,Patterson,EVE,2,4.4,21,237,0,0,2,1,0,0,0,0,0,0,0,68,63.6,6.4,17.0,8.6,0.0,3.5,4.8,0.0,0.0,5796,6625,a,,29,2,7.974683544303797,0.2222222222222222,0,4.7727272727272725,-829,0.09080459770114943,DEF
2024-25,297,Dixon,EVE,2,3.8,0,0,0,0,0,0,0,0,0,0,0,0,0,0,0.0,0.0,0.0,0.0,0.0,0.0,0.0,0.0,0.2,9298,21627,u,has joined Stockport County on loan for the rest of the season.,29,0,0.0,1.0,0,0.0,-12329,0.0,DEF
2024-25,298,Welch,EVE,2,3.8,0,0,0,0,0,0,0,0,0,0,0,0,0,0,0.0,0.0,0.0,0.0,0.0,0.0,0.0,0.0,0.1,7816,15028,a,,29,0,0.0,1.0,0,0.0,-7212,0.0,DEF
2024-25,299,Ndiaye,EVE,3,6.2,100,1973,5,3,7,27,0,0,0,2,0,0,5,418,471.4,358.0,397.0,122.9,4.0,4.3,16.1,0.6,4.3,1753115,2527756,a,,29,21,4.5615813482007095,0.9433962264150944,8,16.129032258064516,-774641,0.7559386973180077,MID
2024-25,300,McNeil,EVE,3,5.5,40,781,0,3,4,5,0,0,0,1,0,0,1,141,104.2,148.8,100.0,35.4,3.7,2.5,7.3,0.7,0.1,33223,64006,a,,29,8,4.609475032010243,0.657142857142857,3,7.2727272727272725,-30783,0.2992337164750958,MID
2024-25,301,Alcaraz,EVE,3,5.2,26,667,0,1,3,8,0,0,0,3,0,0,0,111,83.0,144.5,156.0,38.4,0.0,1.6,5.0,0.0,0.1,17070,29861,d,Knock - 25% chance of playing,29,7,3.5082458770614693,0.3846153846153846,1,5.0,-12791,0.25555555555555554,MID
2024-25,302,Gana,EVE,3,5.4,62,1666,2,1,4,21,0,0,0,1,1,0,4,318,288.4,216.8,163.0,66.9,2.3,3.1,11.5,0.4,0.1,23901,28979,a,,29,18,3.3493397358943575,0.8048780487804877,3,11.481481481481481,-5078,0.6383141762452107,MID
2024-25,303,Garner,EVE,3,5.2,129,2603,2,5,10,33,0,0,0,7,0,0,13,639,686.4,721.1,207.0,161.7,6.0,4.4,24.8,1.2,4.0,1067107,586901,a,,29,28,4.460238186707645,0.7037037037037037,7,24.807692307692307,480206,0.9973180076628353,MID
2024-25,304,Iroegbunam,EVE,3,4.8,53,1015,0,3,7,10,0,0,0,8,0,0,1,168,168.6,81.2,48.0,29.6,1.0,2.5,11.0,0.2,0.0,5763,6687,a,,29,11,4.699507389162561,0.5714285714285714,3,11.041666666666668,-924,0.3888888888888889,MID
2024-25,305,Armstrong,EVE,3,4.5,18,491,0,0,1,8,0,0,0,0,0,0,0,75,58.4,66.3,78.0,20.4,1.0,1.8,4.0,0.2,0.1,12261,18143,a,,29,5,3.29938900203666,0.7142857142857142,0,4.0,-5882,0.18812260536398467,MID
2024-25,306,Bates,EVE,3,4.3,0,0,0,0,0,0,0,0,0,0,0,0,0,0,0.0,0.0,0.0,0.0,0.0,0.0,0.0,0.0,0.1,14660,14851,a,,29,0,0.0,1.0,0,0.0,-191,0.0,MID
2024-25,307,Ebere,EVE,3,4.4,0,0,0,0,0,0,0,0,0,0,0,0,0,0,0.0,0.0,0.0,0.0,0.0,0.0,0.0,0.0,0.0,4851,6373,a,,29,0,0.0,1.0,0,0.0,-1522,0.0,MID
2024-25,308,Heath,EVE,3,4.5,0,0,0,0,0,0,0,0,0,0,0,0,0,0,0.0,0.0,0.0,0.0,0.0,0.0,0.0,0.0,0.0,458,3754,u,has joined Accrington on loan for the rest of the season.,29,0,0.0,1.0,0,0.0,-3296,0.0,MID
2024-25,309,Metcalfe,EVE,3,4.5,0,0,0,0,0,0,0,0,0,0,0,0,0,0,0.0,0.0,0.0,0.0,0.0,0.0,0.0,0.0,0.0,0,113,u,Has joined Bradford City permanently.,29,0,0.0,1.0,0,0.0,-113,0.0,MID
2024-25,310,Barry,EVE,4,5.7,74,1599,6,0,7,22,0,0,0,3,0,0,7,225,247.4,169.4,418.0,81.2,3.0,2.6,13.0,0.5,1.0,297524,265414,a,,29,17,4.165103189493434,0.888888888888889,6,12.982456140350877,32110,0.6126436781609196,FWD
2024-25,311,Beto,EVE,4,5.0,58,1047,4,0,3,14,0,0,0,2,0,0,6,173,221.6,88.1,404.0,69.8,4.0,2.0,11.6,0.8,2.5,476542,1129284,a,,29,11,4.98567335243553,0.33333333333333337,4,11.6,-652742,0.4011494252873563,FWD
2024-25,312,Y.Chermiti,EVE,4,4.9,0,0,0,0,0,0,0,0,0,0,0,0,0,0,0.0,0.0,0.0,0.0,0.0,0.0,0.0,0.0,0.1,2418,14534,u,has joined Rangers permanently.,29,0,0.0,1.0,0,0.0,-12116,0.0,FWD
2024-25,313,Sherif,EVE,4,4.4,0,0,0,0,0,0,0,0,0,0,0,0,0,0,0.0,0.0,0.0,0.0,0.0,0.0,0.0,0.0,0.1,9203,26520,u,has joined Port Vale on loan for the rest of the season.,29,0,0.0,1.0,0,0.0,-17317,0.0,FWD
2024-25,419,Grealish,EVE,3,6.3,79,1627,2,6,7,23,0,0,0,3,1,0,12,356,374.2,520.5,397.0,129.2,0.0,4.0,12.5,0.0,5.8,3790389,3770583,i,Foot injury - Expected back 01 Jun,29,18,4.3700061462815,0.19999999999999996,8,12.53968253968254,19806,0.6233716475095785,MID
2024-25,630,King,EVE,1,3.9,0,0,0,0,0,0,0,0,0,0,0,0,0,0,0.0,0.0,0.0,0.0,0.0,0.0,0.0,0.0,1.3,71650,99892,a,,29,0,0.0,1.0,0,0.0,-28242,0.0,GK
2024-25,667,Aznou,EVE,2,4.2,0,0,0,0,0,0,0,0,0,0,0,0,0,0,0.0,0.0,0.0,0.0,0.0,0.0,0.0,0.0,0.1,2823,12521,a,,29,0,0.0,1.0,0,0.0,-9698,0.0,DEF
2024-25,704,Onyango,EVE,3,4.5,0,0,0,0,0,0,0,0,0,0,0,0,0,0,0.0,0.0,0.0,0.0,0.0,0.0,0.0,0.0,0.0,8420,10196,u,has joined Stockport County on loan for the rest of the season.,29,0,0.0,1.0,0,0.0,-1776,0.0,MID
2024-25,705,Campbell,EVE,2,3.9,0,0,0,0,0,0,0,0,0,0,0,0,0,0,0.0,0.0,0.0,0.0,0.0,0.0,0.0,0.0,0.2,18604,17282,u,has joined Port Vale on loan for the rest of the season.,29,0,0.0,1.0,0,0.0,1322,0.0,DEF
2024-25,707,Dibling,EVE,3,5.3,18,349,0,0,2,2,0,0,0,2,0,0,0,49,46.0,61.0,32.0,13.6,0.3,1.3,3.4,0.1,0.0,7774,7309,a,,29,3,4.641833810888253,0.5652173913043478,0,3.3962264150943398,465,0.13371647509578544,MID
2024-25,728,Röhl,EVE,3,5.0,16,353,0,0,2,4,0,0,0,0,0,0,0,39,61.2,65.9,32.0,15.9,0.0,1.6,3.2,0.0,0.0,1544,1604,a,,29,3,4.079320113314448,0.3846153846153846,0,3.2,-60,0.13524904214559386,MID
2024-25,779,Graham,EVE,4,4.5,0,0,0,0,0,0,0,0,0,0,0,0,0,0,0.0,0.0,0.0,0.0,0.0,0.0,0.0,0.0,0.0,4609,2362,a,,29,0,0.0,1.0,0,0.0,2247,0.0,FWD
2024-25,314,Leno,FUL,1,4.9,79,2610,0,0,5,43,1,0,0,3,0,71,3,359,605.4,0.0,0.0,60.4,2.0,2.7,16.1,0.4,1.5,223564,247548,a,,29,29,2.7241379310344827,0.8108108108108107,0,16.122448979591837,-23984,1.0,GK
2024-25,315,Benda,FUL,1,4.0,0,0,0,0,0,0,0,0,0,0,0,0,0,0,0.0,0.0,0.0,0.0,0.0,0.0,0.0,0.0,0.0,577,860,u,has joined Feyenoord on loan for the rest of the season.,29,0,0.0,1.0,0,0.0,-283,0.0,GK
2024-25,316,Robinson,FUL,2,4.9,34,891,0,0,2,11,0,0,0,1,0,0,4,153,217.2,249.5,34.0,50.1,0.2,2.6,6.9,0.0,0.7,150673,185378,a,,29,9,3.4343434343434343,0.33333333333333337,0,6.938775510204081,-34705,0.3413793103448276,DEF
2024-25,317,Andersen,FUL,2,4.5,93,2291,0,1,5,38,0,0,0,6,0,0,5,325,657.2,111.8,124.0,89.6,1.5,3.6,20.7,0.3,4.8,1262761,996589,a,,29,25,3.653426451331296,0.5434782608695652,1,20.666666666666668,266172,0.8777777777777778,DEF
2024-25,318,Bassey,FUL,2,4.4,66,1722,1,1,3,32,0,0,0,5,0,0,6,217,418.4,101.1,79.0,60.1,2.5,3.1,15.0,0.6,0.5,116798,123812,a,,29,19,3.449477351916376,0.8536585365853658,2,14.999999999999998,-7014,0.6597701149425287,DEF
2024-25,319,Castagne,FUL,2,4.3,30,1126,0,1,0,23,0,0,0,3,0,0,0,130,226.8,131.5,111.0,47.1,0.5,1.4,7.0,0.1,0.1,19355,25369,a,,29,12,2.3978685612788633,0.625,1,6.976744186046512,-6014,0.4314176245210728,DEF
2024-25,320,Diop,FUL,2,4.3,13,592,0,0,0,11,0,0,0,2,0,0,0,49,118.0,5.7,12.0,13.6,0.8,1.3,3.0,0.2,0.1,7474,11563,a,,29,6,1.9763513513513515,0.7826086956521738,0,3.0232558139534884,-4089,0.2268199233716475,DEF
2024-25,321,J.Cuenca,FUL,2,4.3,39,931,0,0,2,11,0,0,0,5,0,0,1,155,244.6,47.1,14.0,30.7,0.5,2.8,9.1,0.1,0.1,6725,7372,a,,29,10,3.7701396348012888,0.39473684210526316,0,9.069767441860465,-647,0.35670498084291186,DEF
2024-25,322,Tete,FUL,2,4.5,75,1701,1,0,5,25,0,0,0,2,0,0,5,291,398.0,207.1,108.0,71.4,2.2,3.6,16.7,0.5,0.3,165192,153605,a,,29,18,3.968253968253968,0.6956521739130435,1,16.666666666666668,11587,0.6517241379310345,DEF
2024-25,323,Amissah,FUL,2,3.8,0,0,0,0,0,0,0,0,0,0,0,0,0,0,0.0,0.0,0.0,0.0,0.0,0.0,0.0,0.0,0.1,9426,17168,a,,29,0,0.0,1.0,0,0.0,-7742,0.0,DEF
2024-25,324,Iwobi,FUL,3,6.4,91,1952,4,3,3,36,0,0,0,2,0,0,13,428,434.0,576.9,227.0,123.9,6.8,4.0,14.2,1.1,2.2,498118,410401,a,,29,21,4.195696721311475,0.44000000000000006,7,14.21875,87717,0.7478927203065134,MID
2024-25,325,Smith Rowe,FUL,3,5.6,64,1444,3,1,3,23,0,0,0,1,0,0,1,280,244.2,256.3,321.0,82.2,1.5,2.2,11.4,0.3,0.5,162270,213390,a,,29,16,3.988919667590028,0.78125,4,11.428571428571429,-51120,0.5532567049808429,MID
2024-25,327,Andreas,FUL,3,5.3,0,0,0,0,0,0,0,0,0,0,0,0,0,0,0.0,0.0,0.0,0.0,0.0,0.0,0.0,0.0,0.1,2438,35594,u,has joined Palmeiras permanently.,29,0,0.0,1.0,0,0.0,-33156,0.0,MID
2024-25,328,Sessegnon,FUL,3,5.4,78,1605,2,3,4,29,0,0,0,0,0,0,5,269,340.8,197.1,187.0,72.2,2.8,3.5,14.4,0.5,0.2,145742,138839,a,,29,17,4.373831775700935,0.8444444444444444,5,14.444444444444443,6903,0.6149425287356322,MID
2024-25,329,Wilson,FUL,3,6.0,140,2086,9,8,6,31,0,0,0,6,0,0,19,529,594.6,486.9,501.0,158.1,5.5,5.2,23.3,0.9,22.9,5067674,2234014,d,Ankle injury - 75% chance of playing,29,23,6.040268456375839,0.9516129032258065,17,23.333333333333332,2833660,0.7992337164750958,MID
2024-25,330,Berge,FUL,3,4.9,73,2422,0,2,5,41,1,0,0,4,0,0,3,424,382.8,280.0,75.0,74.1,3.0,2.5,14.9,0.6,0.1,11723,12800,a,,29,26,2.712634186622626,0.8571428571428572,2,14.897959183673468,-1077,0.9279693486590038,MID
2024-25,331,Cairney,FUL,3,4.8,28,533,1,0,1,9,0,0,0,3,0,0,1,115,82.8,104.8,49.0,23.7,1.0,1.5,5.8,0.2,0.0,2729,4788,a,,29,5,4.727954971857411,0.8,1,5.833333333333334,-2059,0.2042145593869732,MID
2024-25,332,Lukić,FUL,3,4.9,50,1208,1,3,4,17,0,0,0,6,0,0,3,225,232.0,338.7,119.0,68.9,0.0,2.6,10.2,0.0,0.1,14660,19117,a,,29,13,3.7251655629139075,0.2777777777777778,4,10.204081632653061,-4457,0.46283524904214557,MID
2024-25,333,Godo,FUL,3,4.5,0,0,0,0,0,0,0,0,0,0,0,0,0,0,0.0,0.0,0.0,0.0,0.0,0.0,0.0,0.0,0.0,898,6596,u,has joined Strasbourg permanently.,29,0,0.0,1.0,0,0.0,-5698,0.0,MID
2024-25,334,Harris,FUL,3,4.5,0,0,0,0,0,0,0,0,0,0,0,0,0,0,0.0,0.0,0.0,0.0,0.0,0.0,0.0,0.0,0.0,0,311,u,Has joined Oxford United on loan for the rest of the season.,29,0,0.0,1.0,0,0.0,-311,0.0,MID
2024-25,335,King,FUL,3,4.4,41,984,0,2,4,15,0,0,0,3,0,0,0,138,109.6,118.8,226.0,44.6,1.2,1.8,9.3,0.3,1.8,961365,868523,a,,29,10,3.75,0.7857142857142857,2,9.318181818181817,92842,0.37701149425287356,MID
2024-25,336,Reed,FUL,3,4.3,12,23,1,0,0,1,0,0,0,0,0,0,2,37,36.6,8.7,7.0,5.2,0.2,2.4,2.8,0.0,0.4,84876,71051,a,,29,0,46.95652173913043,0.3529411764705883,1,2.7906976744186047,13825,0.008812260536398468,MID
2024-25,337,Raúl,FUL,4,6.2,97,1903,8,5,7,25,0,0,0,5,0,0,7,361,429.4,289.8,659.0,137.4,3.8,3.5,15.6,0.6,2.9,757299,660111,a,,29,21,4.587493431424067,0.9333333333333333,13,15.64516129032258,97188,0.7291187739463602,FWD
2024-25,338,Muniz,FUL,4,5.3,22,465,1,1,1,8,1,0,0,1,0,0,3,62,82.4,55.4,166.0,29.3,1.0,1.8,4.2,0.2,0.7,262257,437798,a,,29,5,4.258064516129032,0.7142857142857142,2,4.150943396226415,-175541,0.1781609195402299,FWD
2024-25,424,Bobb,FUL,3,5.1,27,637,0,2,2,9,0,0,0,1,0,0,0,115,90.4,217.7,107.0,41.7,2.0,1.9,5.3,0.4,0.2,90535,97524,a,,29,7,3.814756671899529,0.9655172413793103,2,5.294117647058824,-6989,0.24406130268199233,MID
2024-25,664,Lecomte,FUL,1,3.9,0,0,0,0,0,0,0,0,0,0,0,0,0,0,0.0,0.0,0.0,0.0,0.0,0.0,0.0,0.0,0.7,42719,53798,a,,29,0,0.0,1.0,0,0.0,-11079,0.0,GK
2024-25,727,Chukwueze,FUL,3,5.3,50,743,3,4,1,16,0,0,0,0,0,0,1,209,247.6,254.1,202.0,70.5,1.0,3.3,9.4,0.2,0.1,99831,92661,a,,29,8,6.056527590847915,0.4651162790697675,7,9.433962264150944,7170,0.28467432950191573,MID
2024-25,731,Kevin,FUL,3,5.8,43,898,1,2,4,15,0,0,0,1,0,0,0,158,200.8,231.6,206.0,63.6,0.5,1.9,7.4,0.1,0.1,34694,31384,i,Foot injury - Unknown return date,29,9,4.309576837416481,0.5172413793103449,3,7.413793103448276,3310,0.34406130268199236,MID
2024-25,737,Kusi-Asare,FUL,4,4.5,4,30,0,0,0,2,0,0,0,1,0,0,0,11,1.2,11.4,8.0,2.1,0.0,0.8,0.9,0.0,0.1,21336,16311,a,,29,0,12.0,0.5555555555555556,0,0.8888888888888888,5025,0.011494252873563218,FWD
2024-25,770,Ridgeon,FUL,3,4.5,0,0,0,0,0,0,0,0,0,0,0,0,0,0,0.0,0.0,0.0,0.0,0.0,0.0,0.0,0.0,0.0,621,355,a,,29,0,0.0,1.0,0,0.0,266,0.0,MID
2024-25,786,McNally,FUL,1,4.0,0,0,0,0,0,0,0,0,0,0,0,0,0,0,0.0,0.0,0.0,0.0,0.0,0.0,0.0,0.0,0.0,615,324,a,,29,0,0.0,1.0,0,0.0,291,0.0,GK
2024-25,168,Buonanotte,LEE,3,4.6,2,69,0,0,0,2,0,0,0,1,0,0,0,5,6.0,25.7,19.0,5.0,0.0,0.7,0.4,0.0,0.1,16210,29409,a,,29,0,2.608695652173913,0.5882352941176471,0,0.4347826086956522,-13199,0.026436781609195402,MID
2024-25,339,Meslier,LEE,1,4.1,0,0,0,0,0,0,0,0,0,0,0,0,0,0,0.0,0.0,0.0,0.0,0.0,0.0,0.0,0.0,0.3,13477,63517,a,,29,0,0.0,1.0,0,0.0,-50040,0.0,GK
2024-25,340,Cairns,LEE,1,3.9,0,0,0,0,0,0,0,0,0,0,0,0,0,0,0.0,0.0,0.0,0.0,0.0,0.0,0.0,0.0,0.1,8415,14980,a,,29,0,0.0,1.0,0,0.0,-6565,0.0,GK
2024-25,341,Darlow,LEE,1,3.9,30,1170,0,0,1,19,0,0,0,1,0,34,0,149,290.8,0.0,0.0,29.3,2.3,2.3,7.7,0.6,2.5,250234,273323,a,,29,13,2.3076923076923075,1.0,0,7.6923076923076925,-23089,0.4482758620689655,GK
2024-25,342,Bogle,LEE,2,4.4,70,2268,1,3,4,41,0,0,0,5,0,0,0,195,332.6,231.1,185.0,75.0,1.7,2.6,15.9,0.4,0.2,45470,42727,a,,29,25,2.7777777777777777,0.75,4,15.909090909090908,2743,0.8689655172413793,DEF
2024-25,343,Struijk,LEE,2,4.3,80,2258,0,1,4,40,0,0,0,3,0,0,3,293,556.8,130.0,218.0,90.5,2.0,3.1,18.6,0.5,0.5,108460,97768,a,,29,25,3.188662533215235,0.7317073170731707,1,18.6046511627907,10692,0.8651340996168583,DEF
2024-25,344,Bijol,LEE,2,3.9,48,1126,1,2,1,21,0,0,0,2,0,0,2,155,293.2,38.8,195.0,52.6,0.7,3.0,12.3,0.2,0.4,101938,81197,a,,29,12,3.8365896980461813,0.42500000000000004,3,12.307692307692308,20741,0.4314176245210728,DEF
2024-25,345,Bornauw,LEE,2,3.8,17,304,0,0,1,4,0,0,0,1,0,0,0,48,78.4,5.6,10.0,9.4,0.0,1.9,4.5,0.0,0.1,22392,17131,a,,29,3,5.032894736842105,0.3448275862068966,0,4.473684210526316,5261,0.11647509578544062,DEF
2024-25,346,Byram,LEE,2,3.7,1,7,0,0,0,1,0,0,0,0,0,0,0,-2,0.0,0.0,0.0,0.0,0.0,1.0,0.3,0.0,0.2,24807,34058,a,,29,0,12.857142857142856,0.5,0,0.27027027027027023,-9251,0.0026819923371647508,DEF
2024-25,347,Gudmundsson,LEE,2,3.8,61,2318,0,0,4,42,1,0,0,4,0,0,8,241,389.2,329.4,148.0,86.8,1.7,2.2,16.1,0.4,3.9,942397,800993,a,,29,25,2.3684210526315788,0.84375,0,16.05263157894737,141404,0.8881226053639847,DEF
2024-25,348,Rodon,LEE,2,3.9,85,2366,2,0,3,46,0,0,0,1,0,0,5,279,574.8,64.9,173.0,81.5,2.7,3.1,21.8,0.7,3.9,1134253,923117,a,,29,26,3.23330515638208,0.9024390243902439,2,21.794871794871796,211136,0.9065134099616858,DEF
2024-25,349,Schmidt,LEE,2,4.0,0,0,0,0,0,0,0,0,0,0,0,0,0,0,0.0,0.0,0.0,0.0,0.0,0.0,0.0,0.0,0.1,788,15945,u,has joined Werder Bremen on loan for the rest of the season.,29,0,0.0,1.0,0,0.0,-15157,0.0,DEF
2024-25,350,Aaronson,LEE,3,5.4,105,1862,4,6,7,27,0,0,0,1,0,0,5,362,388.2,354.6,424.0,116.6,2.3,3.8,19.4,0.4,0.6,209769,145040,a,,29,20,5.075187969924812,0.6875,10,19.444444444444443,64729,0.7134099616858237,MID
2024-25,351,Gnonto,LEE,3,5.2,22,377,0,2,1,11,0,0,0,3,0,0,0,88,59.0,87.7,39.0,18.4,0.3,1.4,4.2,0.1,0.1,9301,40345,a,,29,4,5.251989389920425,0.5416666666666667,2,4.230769230769231,-31044,0.14444444444444443,MID
2024-25,352,Harrison,LEE,3,5.1,12,262,0,0,0,5,0,0,0,0,0,0,0,51,30.0,49.4,35.0,11.5,0.0,1.1,2.4,0.0,0.0,6000,18648,u,has joined ACF Fiorentina on loan for the rest of the season.,29,2,4.122137404580153,0.47619047619047616,0,2.3529411764705883,-12648,0.10038314176245211,MID
2024-25,353,James,LEE,3,5.2,17,398,0,0,1,13,0,0,0,0,0,0,0,65,44.6,112.9,97.0,25.6,0.7,1.2,3.3,0.1,0.1,8133,52709,a,,29,4,3.844221105527638,0.7727272727272727,0,3.269230769230769,-44576,0.1524904214559387,MID
2024-25,354,Ampadu,LEE,3,4.9,92,2309,1,2,4,41,0,0,0,7,0,0,6,424,453.4,301.1,90.0,84.7,4.7,3.5,18.8,1.0,0.2,43919,33295,a,,29,25,3.5859679514941534,0.7333333333333333,3,18.77551020408163,10624,0.8846743295019157,MID
2024-25,355,Greenwood,LEE,3,4.9,0,0,0,0,0,0,0,0,0,0,0,0,0,0,0.0,0.0,0.0,0.0,0.0,0.0,0.0,0.0,0.0,1234,10122,u,has joined Pogon Szczecin permanently.,29,0,0.0,1.0,0,0.0,-8888,0.0,MID
2024-25,356,Gruev,LEE,3,4.7,53,1245,0,4,5,23,0,0,0,3,0,0,3,236,188.4,167.8,63.0,41.7,2.0,2.6,11.3,0.4,0.1,21149,12749,a,,29,13,3.831325301204819,0.8333333333333333,4,11.27659574468085,8400,0.47701149425287354,MID
2024-25,357,Ramazani,LEE,3,4.9,0,0,0,0,0,0,0,0,0,0,0,0,0,0,0.0,0.0,0.0,0.0,0.0,0.0,0.0,0.0,0.0,203,4326,u,has joined Valencia on loan for the rest of the season.,29,0,0.0,1.0,0,0.0,-4123,0.0,MID
2024-25,358,Tanaka,LEE,3,4.8,43,737,2,0,2,16,0,0,0,1,0,0,2,166,140.0,127.1,78.0,34.5,0.0,2.1,9.0,0.0,0.2,52495,61866,a,,29,8,5.25101763907734,0.32258064516129026,2,8.958333333333334,-9371,0.28237547892720305,MID
2024-25,359,Crew,LEE,3,4.5,0,0,0,0,0,0,0,0,0,0,0,0,0,0,0.0,0.0,0.0,0.0,0.0,0.0,0.0,0.0,0.0,0,968,u,Has joined Doncaster Rovers on loan for the rest of the season.,29,0,0.0,1.0,0,0.0,-968,0.0,MID
2024-25,360,Gelhardt,LEE,3,4.5,0,0,0,0,0,0,0,0,0,0,0,0,0,0,0.0,0.0,0.0,0.0,0.0,0.0,0.0,0.0,0.0,0,2897,u,Has joined Hull City on loan for the rest of the season.,29,0,0.0,1.0,0,0.0,-2897,0.0,MID
2024-25,361,Gyabi,LEE,3,4.5,0,0,0,0,0,0,0,0,0,0,0,0,0,0,0.0,0.0,0.0,0.0,0.0,0.0,0.0,0.0,0.0,1165,8402,u,has joined Hull City permanently.,29,0,0.0,1.0,0,0.0,-7237,0.0,MID
2024-25,362,Piroe,LEE,4,4.9,14,215,0,0,1,7,0,0,0,0,0,0,0,34,10.6,36.9,96.0,13.8,0.7,1.1,2.9,0.1,0.3,38792,220139,a,,29,2,5.8604651162790695,0.8095238095238095,0,2.8571428571428568,-181347,0.08237547892720307,FWD
2024-25,363,Bamford,LEE,4,4.9,0,0,0,0,0,0,0,0,0,0,0,0,0,0,0.0,0.0,0.0,0.0,0.0,0.0,0.0,0.0,0.3,16144,202949,u,has departed the club as a free agent.,29,0,0.0,1.0,0,0.0,-186805,0.0,FWD
2024-25,364,Mateo Joseph,LEE,4,5.0,0,0,0,0,0,0,0,0,0,0,0,0,0,0,0.0,0.0,0.0,0.0,0.0,0.0,0.0,0.0,0.0,0,2424,u,Has joined RCD Mallorca on loan for the rest of the season.,29,0,0.0,1.0,0,0.0,-2424,0.0,FWD
2024-25,365,Nmecha,LEE,4,5.0,63,753,6,1,2,18,0,0,1,0,0,0,8,220,252.2,80.7,331.0,66.5,1.0,2.7,12.6,0.2,0.6,211453,217971,a,,29,8,7.529880478087649,0.5405405405405406,7,12.6,-6518,0.2885057471264368,FWD
2024-25,493,Longstaff,LEE,3,4.8,44,943,1,2,1,19,0,0,0,2,0,0,4,234,240.2,357.3,71.0,66.8,0.3,2.6,9.2,0.1,0.2,177476,181293,a,,29,10,4.199363732767763,0.36111111111111105,3,9.166666666666668,-3817,0.36130268199233717,MID
2024-25,660,Stach,LEE,3,4.7,114,1955,4,6,4,34,0,0,0,3,0,0,11,466,546.2,765.0,268.0,158.2,5.7,4.8,24.3,1.2,2.6,1093680,823431,a,,29,21,5.248081841432225,0.8448275862068965,10,24.25531914893617,270249,0.7490421455938697,MID
2024-25,665,Perri,LEE,1,4.5,43,1440,0,0,3,29,0,0,0,2,0,38,3,153,322.4,0.0,0.0,32.2,0.0,2.7,9.6,0.0,0.2,42849,62936,a,,29,16,2.6875,0.2702702702702703,0,9.555555555555555,-20087,0.5517241379310345,GK
2024-25,691,Calvert-Lewin,LEE,4,5.7,108,1933,10,2,4,28,0,0,0,1,0,0,16,345,428.4,248.4,717.0,138.3,2.0,4.2,18.9,0.4,8.8,2888640,1806522,a,,29,21,5.028453181583031,0.5769230769230769,12,18.94736842105263,1082118,0.7406130268199234,FWD
2024-25,698,Okafor,LEE,3,5.5,67,1266,4,2,4,24,0,0,0,3,0,0,3,228,254.6,199.8,322.0,77.7,0.0,2.9,12.2,0.0,0.1,62680,57601,d,Hamstring injury - 50% chance of playing,29,14,4.76303317535545,0.2564102564102564,6,12.181818181818182,5079,0.4850574712643678,MID
2024-25,706,Justin,LEE,2,3.9,49,1083,1,1,2,18,0,0,0,2,0,0,6,168,265.4,110.1,123.0,50.0,2.0,2.5,12.6,0.5,1.0,166870,61995,a,,29,12,4.07202216066482,0.8571428571428572,2,12.564102564102564,104875,0.4149425287356322,DEF
2024-25,741,Gray,LEE,4,4.5,0,0,0,0,0,0,0,0,0,0,0,0,0,0,0.0,0.0,0.0,0.0,0.0,0.0,0.0,0.0,0.1,27606,24204,u,has joined Rotherham United on loan for the rest of the season.,29,0,0.0,1.0,0,0.0,3402,0.0,FWD
2024-25,787,Chambers,LEE,3,4.4,0,0,0,0,0,0,0,0,0,0,0,0,0,0,0.0,0.0,0.0,0.0,0.0,0.0,0.0,0.0,0.0,2046,995,a,,29,0,0.0,1.0,0,0.0,1051,0.0,MID
2024-25,366,A.Becker,LIV,1,5.4,85,2160,0,0,8,29,0,0,0,1,0,50,8,359,429.0,0.1,0.0,42.8,4.2,3.5,15.7,0.8,6.3,662910,1324700,d,Muscle injury - 75% chance of playing,29,24,3.541666666666667,0.8444444444444444,0,15.74074074074074,-661790,0.8275862068965517,GK
2024-25,367,Mamardashvili,LIV,1,4.1,19,450,0,0,1,10,0,1,0,0,0,17,0,70,140.0,0.0,0.0,13.9,0.0,3.8,4.6,0.0,0.5,153853,168305,a,,29,5,3.8000000000000003,0.20833333333333337,0,4.634146341463415,-14452,0.1724137931034483,GK
2024-25,368,Pécsi,LIV,1,3.8,0,0,0,0,0,0,0,0,0,0,0,0,0,0,0.0,0.0,0.0,0.0,0.0,0.0,0.0,0.0,0.9,151414,56742,a,,29,0,0.0,1.0,0,0.0,94672,0.0,GK
2024-25,369,Woodman,LIV,1,3.9,0,0,0,0,0,0,0,0,0,0,0,0,0,0,0.0,0.0,0.0,0.0,0.0,0.0,0.0,0.0,0.2,22414,17579,a,,29,0,0.0,1.0,0,0.0,4835,0.0,GK
2024-25,370,Frimpong,LIV,2,5.7,45,622,0,5,3,7,0,0,0,0,0,0,1,182,93.0,155.8,113.0,36.3,2.8,3.5,7.9,0.5,4.8,618431,3358397,a,,29,6,6.511254019292604,0.8444444444444444,5,7.894736842105263,-2739966,0.23831417624521073,DEF
2024-25,371,Kerkez,LIV,2,5.6,72,1951,1,1,6,29,0,0,0,4,0,0,4,320,372.6,379.4,118.0,87.2,3.2,2.7,12.9,0.6,3.0,351896,803787,a,,29,21,3.3213736545361354,0.8648648648648649,2,12.857142857142858,-451891,0.7475095785440613,DEF
2024-25,372,Robertson,LIV,2,5.7,34,660,0,0,3,10,0,0,0,0,0,0,4,142,143.0,236.1,61.0,44.2,2.2,2.0,6.0,0.4,1.0,58815,135545,a,,29,7,4.636363636363637,0.9333333333333332,0,5.964912280701754,-76730,0.25287356321839083,DEF
2024-25,373,Virgil,LIV,2,6.2,130,2610,3,1,9,39,0,0,0,4,0,0,9,460,861.2,178.4,364.0,140.3,9.0,4.5,21.0,1.5,32.7,4315211,3441472,a,,29,29,4.482758620689655,0.18181818181818177,4,20.967741935483872,873739,1.0,DEF
2024-25,374,Konaté,LIV,2,5.5,111,2404,1,0,9,32,0,0,0,5,0,0,8,438,637.8,138.9,96.0,87.5,4.5,4.0,20.2,0.8,4.3,803933,704729,a,,29,26,4.155574043261232,0.9,1,20.181818181818183,99204,0.9210727969348659,DEF
2024-25,375,Bradley,LIV,2,4.9,42,928,0,2,4,13,0,0,0,5,0,0,2,157,157.4,105.2,62.0,32.3,0.0,2.8,8.6,0.0,0.1,62677,71935,i,Knee injury - Expected back 01 Jun,29,10,4.073275862068965,0.26315789473684215,2,8.571428571428571,-9258,0.35555555555555557,DEF
2024-25,376,Gomez,LIV,2,4.9,28,401,0,2,2,11,0,0,0,2,0,0,2,75,98.8,70.1,26.0,19.5,0.8,1.9,5.7,0.2,0.1,24042,29553,a,,29,4,6.284289276807979,0.6206896551724138,2,5.7142857142857135,-5511,0.153639846743295,DEF
2024-25,377,Tsimikas,LIV,2,4.8,0,0,0,0,0,0,0,0,0,0,0,0,0,0,0.0,0.0,0.0,0.0,0.0,0.0,0.0,0.0,0.0,1669,12269,u,has joined AS Roma on loan for the rest of the season.,29,0,0.0,1.0,0,0.0,-10600,0.0,DEF
2024-25,378,Nallo,LIV,2,3.7,0,0,0,0,0,0,0,0,0,0,0,0,0,0,0.0,0.0,0.0,0.0,0.0,0.0,0.0,0.0,1.1,227848,118594,a,,29,0,0.0,1.0,0,0.0,109254,0.0,DEF
2024-25,379,R.Williams,LIV,2,3.7,0,0,0,0,0,0,0,0,0,0,0,0,0,0,0.0,0.0,0.0,0.0,0.0,0.0,0.0,0.0,0.6,96376,53433,a,,29,0,0.0,1.0,0,0.0,42943,0.0,DEF
2024-25,380,Ramsay,LIV,2,3.8,0,0,0,0,0,0,0,0,0,0,0,0,0,0,0.0,0.0,0.0,0.0,0.0,0.0,0.0,0.0,0.2,27819,31900,a,,29,0,0.0,1.0,0,0.0,-4081,0.0,DEF
2024-25,381,M.Salah,LIV,3,14.0,96,1792,5,6,6,31,0,0,0,1,0,0,7,305,394.4,617.5,644.0,165.6,5.0,4.6,6.9,0.4,14.4,1404070,5911719,a,,29,19,4.821428571428571,0.9285714285714285,11,6.857142857142857,-4507649,0.6865900383141762,MID
2024-25,382,Wirtz,LIV,3,8.3,100,1850,4,3,8,23,0,0,0,1,0,0,16,412,409.0,682.1,530.0,162.1,0.8,4.0,12.0,0.1,9.1,2171423,4745170,a,,29,20,4.864864864864865,0.36,7,12.048192771084336,-2573747,0.7088122605363985,MID
2024-25,383,Luis Díaz,LIV,3,8.0,0,0,0,0,0,0,0,0,0,0,0,0,0,0,0.0,0.0,0.0,0.0,0.0,0.0,0.0,0.0,0.0,0,7345,u,Has joined Bayern Munch permanently.,29,0,0.0,1.0,0,0.0,-7345,0.0,MID
2024-25,384,Gakpo,LIV,3,7.3,101,1972,6,3,8,27,0,0,0,2,0,0,5,365,422.6,574.6,629.0,162.5,3.8,3.7,13.8,0.5,6.0,3428332,3764791,a,,29,21,4.609533468559838,0.9787234042553192,9,13.835616438356166,-336459,0.7555555555555555,MID
2024-25,385,Chiesa,LIV,3,6.3,33,263,2,1,0,7,0,0,0,2,0,0,0,122,117.8,36.6,138.0,29.2,0.8,1.6,5.2,0.1,0.3,56551,69173,d,Illness - 75% chance of playing,29,2,11.292775665399239,0.6923076923076923,3,5.238095238095238,-12622,0.10076628352490422,MID
2024-25,386,Mac Allister,LIV,3,6.3,76,1996,2,2,7,28,0,0,0,4,0,0,5,364,367.4,384.2,273.0,102.5,6.8,2.7,12.1,1.1,2.2,309404,290580,a,,29,22,3.4268537074148298,-0.10810810810810789,4,12.063492063492063,18824,0.7647509578544062,MID
2024-25,387,Szoboszlai,LIV,3,6.9,109,2422,4,3,8,38,0,0,1,6,1,0,15,564,622.4,954.7,297.0,187.3,3.0,4.0,15.8,0.4,11.7,2593759,1491079,a,,29,26,4.050371593724194,0.8,7,15.797101449275361,1102680,0.9279693486590038,MID
2024-25,388,C.Jones,LIV,3,5.4,47,1234,0,2,3,23,0,0,0,1,0,0,1,275,228.8,327.2,160.0,71.5,1.2,1.9,8.7,0.2,0.1,29188,34327,a,,29,13,3.427876823338736,0.7586206896551724,2,8.703703703703702,-5139,0.4727969348659004,MID
2024-25,390,Gravenberch,LIV,3,5.5,119,2338,4,5,9,31,0,0,0,5,0,0,13,537,559.6,412.4,151.0,112.0,3.2,4.4,21.6,0.6,5.2,2045503,1514856,a,,29,25,4.580838323353293,0.7777777777777778,9,21.636363636363637,530647,0.8957854406130268,MID
2024-25,392,Endo,LIV,3,4.9,12,170,0,1,1,5,0,0,0,1,0,0,0,49,56.0,18.1,6.0,8.0,0.8,1.5,2.4,0.2,0.1,7364,15236,i,Foot injury - Unknown return date,29,1,6.352941176470588,0.72,1,2.4489795918367343,-7872,0.06513409961685823,MID
2024-25,393,Bajcetic,LIV,3,4.2,0,0,0,0,0,0,0,0,0,0,0,0,0,0,0.0,0.0,0.0,0.0,0.0,0.0,0.0,0.0,0.1,10826,10486,i,Hamstring injury - Unknown return date,29,0,0.0,1.0,0,0.0,340,0.0,MID
2024-25,394,McConnell,LIV,3,4.4,0,0,0,0,0,0,0,0,0,0,0,0,0,0,0.0,0.0,0.0,0.0,0.0,0.0,0.0,0.0,0.0,1737,4098,u,has joined Ajax on loan for the rest of the season.,29,0,0.0,1.0,0,0.0,-2361,0.0,MID
2024-25,395,Morton,LIV,3,4.5,0,0,0,0,0,0,0,0,0,0,0,0,0,0,0.0,0.0,0.0,0.0,0.0,0.0,0.0,0.0,0.0,0,360,u,Has joined Lyon permanently.,29,0,0.0,1.0,0,0.0,-360,0.0,MID
2024-25,396,Nyoni,LIV,3,4.3,3,6,0,0,0,0,0,0,0,0,0,0,0,3,2.2,10.3,4.0,1.5,0.2,1.0,0.7,0.0,0.3,98075,83627,a,,29,0,45.0,0.6,0,0.6976744186046512,14448,0.0022988505747126436,MID
2024-25,397,Darwin,LIV,4,6.5,0,0,0,0,0,0,0,0,0,0,0,0,0,0,0.0,0.0,0.0,0.0,0.0,0.0,0.0,0.0,0.1,0,15960,u,Has joined Al-Hilal permanently.,29,0,0.0,1.0,0,0.0,-15960,0.0,FWD
2024-25,398,Danns,LIV,4,4.3,0,0,0,0,0,0,0,0,0,0,0,0,0,0,0.0,0.0,0.0,0.0,0.0,0.0,0.0,0.0,0.1,9123,19774,i,Hamstring injury - Unknown return date,29,0,0.0,1.0,0,0.0,-10651,0.0,FWD
2024-25,499,Isak,LIV,4,10.3,29,501,2,1,1,7,0,0,0,0,0,0,2,96,97.6,36.5,143.0,26.9,0.0,2.9,2.8,0.0,3.5,1797394,2416426,i,Ankle injury - Expected back 11 Apr,29,5,5.209580838323354,0.2564102564102564,3,2.815533980582524,-619032,0.19195402298850575,FWD
2024-25,661,Ekitiké,LIV,4,9.2,123,1764,11,4,7,24,0,0,0,0,0,0,22,426,522.4,294.6,728.0,153.5,5.2,4.7,13.4,0.6,34.3,8783604,6762213,a,,29,19,6.275510204081632,0.9122807017543859,15,13.369565217391305,2021391,0.6758620689655173,FWD
2024-25,686,Ngumoha,LIV,3,4.3,16,128,1,0,0,5,0,0,0,0,0,0,0,82,78.2,110.4,81.0,27.1,0.8,1.5,3.7,0.2,0.8,260862,185663,a,,29,1,11.25,0.72,1,3.7209302325581395,75199,0.04904214559386973,MID
2024-25,692,Leoni,LIV,2,4.9,0,0,0,0,0,0,0,0,0,0,0,0,0,0,0.0,0.0,0.0,0.0,0.0,0.0,0.0,0.0,0.0,1890,2541,i,Knee injury - Expected back 01 Sep,29,0,0.0,1.0,0,0.0,-651,0.0,DEF
2024-25,746,Morrison,LIV,3,4.5,0,0,0,0,0,0,0,0,0,0,0,0,0,0,0.0,0.0,0.0,0.0,0.0,0.0,0.0,0.0,0.0,1033,855,a,,29,0,0.0,1.0,0,0.0,178,0.0,MID
2024-25,760,Lucky,LIV,2,4.0,0,0,0,0,0,0,0,0,0,0,0,0,0,0,0.0,0.0,0.0,0.0,0.0,0.0,0.0,0.0,0.0,1099,939,a,,29,0,0.0,1.0,0,0.0,160,0.0,DEF
2024-25,82,Semenyo,MCI,3,8.3,172,2516,15,6,8,46,0,0,1,6,0,0,17,562,797.0,488.3,848.0,213.5,8.2,6.1,20.7,1.0,57.4,11891017,6116674,a,,29,27,6.152623211446741,0.7042253521126761,21,20.72289156626506,5774343,0.963984674329502,MID
2024-25,182,Trafford,MCI,1,4.5,11,270,0,0,1,4,0,0,0,0,0,11,0,62,100.2,0.0,0.0,10.1,0.0,3.7,2.4,0.0,0.9,99982,273190,a,,29,3,3.666666666666667,0.21276595744680848,0,2.4444444444444446,-173208,0.10344827586206896,GK
2024-25,260,Guéhi,MCI,2,5.2,133,2430,2,4,10,29,0,0,0,5,0,0,9,506,672.0,198.8,321.0,119.3,4.0,4.9,25.6,0.8,37.2,6094907,3115058,a,,29,27,4.9259259259259265,0.847457627118644,6,25.576923076923077,2979849,0.9310344827586207,DEF
2024-25,399,Ederson M.,MCI,1,5.3,0,0,0,0,0,0,0,0,0,0,0,0,0,0,0.0,0.0,0.0,0.0,0.0,0.0,0.0,0.0,0.8,15200,273239,u,has joined Fenerbache permanently.,29,0,0.0,1.0,0,0.0,-258039,0.0,GK
2024-25,401,Bettinelli,MCI,1,3.8,0,0,0,0,0,0,0,0,0,0,0,0,0,0,0.0,0.0,0.0,0.0,0.0,0.0,0.0,0.0,0.4,62453,37554,a,,29,0,0.0,1.0,0,0.0,24899,0.0,GK
2024-25,402,Aït-Nouri,MCI,2,5.7,43,719,0,2,3,7,0,0,0,2,0,0,7,168,150.6,122.9,48.0,32.1,6.5,3.6,7.5,1.1,4.5,627198,2404822,a,,29,7,5.382475660639777,0.3695652173913043,2,7.5438596491228065,-1777624,0.27547892720306516,DEF
2024-25,403,Gvardiol,MCI,2,5.9,77,1301,2,2,6,13,0,0,0,2,0,0,5,291,354.6,104.7,193.0,65.3,0.0,4.8,13.1,0.0,3.3,1374340,2186231,i,Leg injury - Unknown return date,29,14,5.326671790930054,0.1724137931034483,4,13.050847457627118,-811891,0.4984674329501916,DEF
2024-25,404,Akanji,MCI,2,5.4,0,0,0,0,0,0,0,0,0,0,0,0,0,0,0.0,0.0,0.0,0.0,0.0,0.0,0.0,0.0,0.3,9281,85526,u,has joined Inter Milan on loan for the rest of the season.,29,0,0.0,1.0,0,0.0,-76245,0.0,DEF
2024-25,405,Aké,MCI,2,5.2,27,487,0,0,2,7,0,0,0,1,0,0,1,114,102.0,93.1,25.0,22.1,0.2,1.9,5.2,0.0,0.6,45160,86512,a,,29,5,4.9897330595482545,0.4137931034482759,0,5.1923076923076925,-41352,0.18659003831417625,DEF
2024-25,406,Khusanov,MCI,2,5.4,33,797,0,0,3,7,0,0,0,2,0,0,0,159,153.4,35.5,4.0,19.4,0.8,2.4,6.1,0.1,0.4,54844,75588,a,,29,8,3.726474278544542,0.5294117647058824,0,6.111111111111111,-20744,0.3053639846743295,DEF
2024-25,407,Matheus N.,MCI,2,5.4,126,2174,1,7,9,22,0,0,0,4,0,0,16,530,546.8,408.4,76.0,103.4,3.8,4.8,23.3,0.7,3.5,948521,587589,a,,29,24,5.2161913523459065,0.8275862068965517,8,23.333333333333332,360932,0.8329501915708812,DEF
2024-25,408,Rúben,MCI,2,5.5,112,2049,2,0,12,20,0,0,0,3,0,0,4,447,549.2,139.5,96.0,78.6,4.0,4.5,20.4,0.7,3.4,948234,1056949,a,,29,22,4.919472913616398,0.9090909090909091,2,20.363636363636363,-108715,0.7850574712643679,DEF
2024-25,409,Stones,MCI,2,5.4,12,351,0,0,1,8,0,0,0,0,0,0,0,45,76.6,19.6,2.0,9.8,0.0,1.7,2.2,0.0,0.6,51429,110039,a,,29,3,3.076923076923077,0.37037037037037046,0,2.222222222222222,-58610,0.13448275862068965,DEF
2024-25,410,Lewis,MCI,2,4.6,19,311,0,1,1,5,0,0,0,1,0,0,2,75,67.4,97.3,43.0,20.7,0.0,1.9,4.1,0.0,1.2,369820,462826,d,Ankle injury - 50% chance of playing,29,3,5.498392282958199,0.3448275862068966,1,4.130434782608696,-93006,0.11915708812260536,DEF
2024-25,411,O'Reilly,MCI,2,5.1,123,2040,4,3,11,19,0,0,0,4,0,0,6,433,509.8,321.5,333.0,116.5,9.0,4.6,24.1,1.8,9.6,2728579,1554614,a,,29,22,5.426470588235294,0.2142857142857142,7,24.117647058823533,1173965,0.7816091954022989,DEF
2024-25,412,Vitor Reis,MCI,2,5.0,0,0,0,0,0,0,0,0,0,0,0,0,0,0,0.0,0.0,0.0,0.0,0.0,0.0,0.0,0.0,0.0,0,852,u,Has joined Girona on loan for the rest of the season.,29,0,0.0,1.0,0,0.0,-852,0.0,DEF
2024-25,413,Marmoush,MCI,3,8.3,37,507,1,2,3,4,0,0,0,1,0,0,4,112,118.2,134.4,220.0,46.9,2.0,2.3,4.5,0.2,2.6,277436,1272479,a,,29,5,6.568047337278107,0.9090909090909092,3,4.457831325301204,-995043,0.19425287356321838,MID
2024-25,414,Foden,MCI,3,8.1,111,1792,7,3,10,16,0,0,0,4,0,0,10,486,501.4,765.3,437.0,170.2,2.0,4.4,13.7,0.2,8.4,6169514,5488897,a,,29,19,5.574776785714286,0.5555555555555556,10,13.703703703703704,680617,0.6865900383141762,MID
2024-25,415,Savinho,MCI,3,6.9,27,561,0,2,2,5,0,0,0,2,0,0,0,90,81.2,138.9,232.0,45.2,0.2,1.6,3.9,0.0,0.4,34524,113910,a,,29,6,4.331550802139037,0.46153846153846145,2,3.913043478260869,-79386,0.2149425287356322,MID
2024-25,416,Bernardo,MCI,3,6.2,72,2168,1,4,9,23,0,0,0,8,0,0,1,385,365.0,566.8,202.0,113.5,1.5,2.5,11.6,0.2,0.6,94805,133893,a,,29,24,2.988929889298893,0.7142857142857143,5,11.612903225806452,-39088,0.8306513409961686,MID
2024-25,417,Cherki,MCI,3,6.4,99,1267,3,9,6,13,0,0,0,1,0,0,12,429,427.6,681.2,344.0,145.5,2.5,4.1,15.5,0.4,7.6,2729594,2784927,a,,29,14,7.032359905288082,0.6862745098039216,12,15.46875,-55333,0.4854406130268199,MID
2024-25,418,Doku,MCI,3,6.4,73,1192,1,7,5,13,0,0,0,0,0,0,9,312,304.4,568.0,381.0,125.2,0.2,3.5,11.4,0.0,2.3,2124342,2087877,a,,29,13,5.511744966442953,0.2666666666666667,8,11.40625,36465,0.4567049808429119,MID
2024-25,420,Gündoğan,MCI,3,6.3,0,0,0,0,0,0,0,0,0,0,0,0,0,0,0.0,0.0,0.0,0.0,0.0,0.0,0.0,0.0,0.1,1928,19869,u,has joined Galatasaray permanently.,29,0,0.0,1.0,0,0.0,-17941,0.0,MID
2024-25,421,Rodrigo,MCI,3,6.3,53,1153,1,0,4,12,0,0,0,2,0,0,5,274,284.0,325.2,92.0,70.2,5.2,3.1,8.4,0.8,0.5,65325,101655,a,,29,12,4.137033824804857,0.4878048780487805,1,8.412698412698413,-36330,0.4417624521072797,MID
2024-25,422,Kovačić,MCI,3,5.8,1,4,0,0,0,0,0,0,0,0,0,0,0,3,2.6,0.8,0.0,0.3,0.0,1.0,0.2,0.0,0.0,2443,3397,i,Ankle injury - Unknown return date,29,0,22.5,0.5,0,0.1724137931034483,-954,0.0015325670498084292,MID
2024-25,423,N.Gonzalez,MCI,3,5.9,55,1370,1,0,7,14,0,0,0,6,0,0,1,289,278.6,185.6,64.0,52.8,0.0,2.6,9.3,0.0,0.1,27974,31157,a,,29,15,3.613138686131387,0.2777777777777778,1,9.322033898305085,-3183,0.524904214559387,MID
2024-25,425,Echeverri,MCI,3,5.4,0,0,0,0,0,0,0,0,0,0,0,0,0,0,0.0,0.0,0.0,0.0,0.0,0.0,0.0,0.0,0.0,194,3232,u,has joined Girona on loan for the rest of the season.,29,0,0.0,1.0,0,0.0,-3038,0.0,MID
2024-25,427,Reijnders,MCI,3,5.0,85,1473,5,2,7,16,0,0,0,2,0,0,6,319,329.6,318.5,387.0,102.7,0.5,3.4,17.0,0.1,9.5,3553108,4952887,a,,29,16,5.193482688391039,0.34090909090909094,7,17.0,-1399779,0.5643678160919541,MID
2024-25,428,Nypan,MCI,3,5.0,0,0,0,0,0,0,0,0,0,0,0,0,0,0,0.0,0.0,0.0,0.0,0.0,0.0,0.0,0.0,0.0,228,2583,a,,29,0,0.0,1.0,0,0.0,-2355,0.0,MID
2024-25,429,Phillips,MCI,3,4.7,0,0,0,0,0,0,0,0,0,0,0,0,0,0,0.0,0.0,0.0,0.0,0.0,0.0,0.0,0.0,0.1,4052,8440,u,has joined Sheffield United on loan for the rest of the season.,29,0,0.0,1.0,0,0.0,-4388,0.0,MID
2024-25,430,Haaland,MCI,4,14.6,195,2323,22,7,10,26,0,0,1,1,0,0,35,779,975.4,251.1,1179.0,240.7,3.2,7.0,13.4,0.2,61.0,6883720,2887508,a,,29,25,7.554885923374947,0.525,29,13.356164383561644,3996212,0.8900383141762452,FWD
2024-25,736,Donnarumma,MCI,1,5.6,102,2340,0,0,11,23,0,1,0,6,0,64,3,444,540.6,0.0,0.0,54.2,4.5,3.9,18.2,0.8,9.7,2118821,1275350,a,,29,26,3.923076923076923,0.8775510204081632,0,18.214285714285715,843471,0.896551724137931,GK
2024-25,739,Mukasa,MCI,3,4.4,2,25,0,0,0,0,0,0,0,0,0,0,0,5,4.2,28.3,4.0,3.7,0.0,1.0,0.5,0.0,0.0,3500,3257,u,has joined Leicester City on loan for the rest of the season.,29,0,7.2,0.5,0,0.45454545454545453,243,0.009578544061302681,MID
2024-25,740,Mfuni,MCI,2,3.9,0,0,0,0,0,0,0,0,0,0,0,0,0,0,0.0,0.0,0.0,0.0,0.0,0.0,0.0,0.0,0.0,3208,3880,u,has joined Watford on loan for the rest of the season.,29,0,0.0,1.0,0,0.0,-672,0.0,DEF
2024-25,742,McAidoo,MCI,3,4.5,0,0,0,0,0,0,0,0,0,0,0,0,0,0,0.0,0.0,0.0,0.0,0.0,0.0,0.0,0.0,0.0,1552,1305,a,,29,0,0.0,1.0,0,0.0,247,0.0,MID
2024-25,763,Gray,MCI,3,4.5,0,0,0,0,0,0,0,0,0,0,0,0,0,0,0.0,0.0,0.0,0.0,0.0,0.0,0.0,0.0,0.0,437,310,a,,29,0,0.0,1.0,0,0.0,127,0.0,MID
2024-25,764,Heskey,MCI,3,4.5,0,0,0,0,0,0,0,0,0,0,0,0,0,0,0.0,0.0,0.0,0.0,0.0,0.0,0.0,0.0,0.0,232,171,a,,29,0,0.0,1.0,0,0.0,61,0.0,MID
2024-25,794,Alleyne,MCI,2,4.0,5,135,0,0,0,1,0,0,0,0,0,0,0,27,34.0,14.8,26.0,7.5,0.0,2.5,1.2,0.0,0.0,5164,4623,a,,29,1,3.333333333333333,0.2857142857142857,0,1.25,541,0.05172413793103448,DEF
2024-25,119,Mbeumo,MUN,3,8.7,118,2047,9,3,5,31,0,0,0,4,0,0,15,429,524.0,664.6,714.0,190.3,3.0,4.9,13.6,0.3,23.1,7086795,5964871,a,,29,22,5.188080117244748,0.6779661016949152,12,13.563218390804598,1121924,0.7842911877394636,MID
2024-25,431,Bayindir,MUN,1,4.7,11,540,0,0,0,11,0,0,0,0,0,13,0,49,118.4,10.0,0.0,12.8,0.0,1.8,2.3,0.0,0.3,37144,62674,a,,29,6,1.8333333333333335,0.3571428571428571,0,2.3404255319148937,-25530,0.20689655172413793,GK
2024-25,432,Onana,MUN,1,4.9,0,0,0,0,0,0,0,0,0,0,0,0,0,0,0.0,0.0,0.0,0.0,0.0,0.0,0.0,0.0,0.1,5156,26542,u,has joined Trabzonspor on loan for the rest of the season.,29,0,0.0,1.0,0,0.0,-21386,0.0,GK
2024-25,433,Harrison,MUN,1,4.0,0,0,0,0,0,0,0,0,0,0,0,0,0,0,0.0,0.0,0.0,0.0,0.0,0.0,0.0,0.0,0.0,0,251,u,On loan to Shrewsbury Town,29,0,0.0,1.0,0,0.0,-251,0.0,GK
2024-25,434,Heaton,MUN,1,3.9,0,0,0,0,0,0,0,0,0,0,0,0,0,0,0.0,0.0,0.0,0.0,0.0,0.0,0.0,0.0,0.2,15719,24832,a,,29,0,0.0,1.0,0,0.0,-9113,0.0,GK
2024-25,435,Mee,MUN,1,3.9,0,0,0,0,0,0,0,0,0,0,0,0,0,0,0.0,0.0,0.0,0.0,0.0,0.0,0.0,0.0,0.1,5478,8724,a,,29,0,0.0,1.0,0,0.0,-3246,0.0,GK
2024-25,436,De Ligt,MUN,2,4.9,43,1170,1,0,1,20,0,0,0,0,0,0,5,169,276.6,60.2,122.0,45.7,0.0,3.3,8.8,0.0,1.8,419648,548119,i,Back injury - Unknown return date,29,13,3.307692307692308,0.2325581395348837,1,8.775510204081632,-128471,0.4482758620689655,DEF
2024-25,437,Martinez,MUN,2,4.8,39,904,0,0,3,11,1,0,0,0,0,0,3,165,220.2,78.3,10.0,31.0,0.0,2.8,8.1,0.0,0.6,169570,129861,i,Calf injury - Expected back 20 Mar,29,10,3.8827433628318584,0.26315789473684215,0,8.125,39709,0.346360153256705,DEF
2024-25,438,Mazraoui,MUN,2,4.9,28,610,0,0,2,7,0,0,0,3,0,0,3,135,133.8,65.9,30.0,22.8,2.7,1.9,5.7,0.6,0.2,35842,55395,a,,29,6,4.131147540983607,0.7241379310344827,0,5.7142857142857135,-19553,0.23371647509578544,DEF
2024-25,439,D.Leon,MUN,2,4.2,0,0,0,0,0,0,0,0,0,0,0,0,0,0,0.0,0.0,0.0,0.0,0.0,0.0,0.0,0.0,0.1,3361,8603,a,,29,0,0.0,1.0,0,0.0,-5242,0.0,DEF
2024-25,440,Dalot,MUN,2,4.6,95,2049,1,6,6,32,0,0,0,5,0,0,9,343,435.4,383.6,159.0,97.8,3.0,3.5,20.7,0.7,5.0,1044027,663403,a,,29,22,4.172767203513909,0.8888888888888888,7,20.65217391304348,380624,0.7850574712643679,DEF
2024-25,441,Dorgu,MUN,2,4.2,74,1329,3,3,3,20,0,0,0,5,0,0,8,261,402.4,354.1,262.0,101.9,0.0,3.4,17.6,0.0,3.2,1773049,2120492,i,Hamstring injury - Unknown return date,29,14,5.011286681715576,0.2272727272727274,6,17.619047619047617,-347443,0.5091954022988506,DEF
2024-25,442,Maguire,MUN,2,4.4,62,1032,1,1,5,12,0,0,0,2,0,0,3,204,223.2,25.7,104.0,35.5,3.3,3.9,14.1,0.7,1.7,293500,187572,a,,29,11,5.406976744186046,0.8775510204081632,2,14.09090909090909,105928,0.3954022988505747,DEF
2024-25,443,Shaw,MUN,2,4.5,70,2437,0,1,6,36,0,0,0,5,0,0,0,297,391.0,264.9,57.0,71.3,2.7,2.4,15.6,0.6,0.7,174232,132162,a,,29,27,2.5851456709068525,0.9117647058823528,1,15.555555555555555,42070,0.9337164750957855,DEF
2024-25,444,Yoro,MUN,2,4.1,46,1426,0,1,2,27,0,0,0,0,0,0,1,159,263.2,68.8,90.0,42.1,3.0,1.8,11.2,0.7,1.3,214599,306738,a,,29,15,2.903225806451613,0.5714285714285714,1,11.219512195121952,-92139,0.546360153256705,DEF
2024-25,445,Amass,MUN,2,4.0,0,0,0,0,0,0,0,0,0,0,0,0,0,0,0.0,0.0,0.0,0.0,0.0,0.0,0.0,0.0,0.1,1160,14485,u,has joined Norwich City on loan for the rest of the season.,29,0,0.0,1.0,0,0.0,-13325,0.0,DEF
2024-25,446,Fredricson,MUN,2,3.7,1,2,0,0,0,0,0,0,0,0,0,0,0,4,4.0,0.0,0.0,0.4,0.0,1.0,0.3,0.0,0.1,10781,14898,a,,29,0,45.0,0.5,0,0.27027027027027023,-4117,0.0007662835249042146,DEF
2024-25,447,Heaven,MUN,2,3.7,27,642,0,1,1,12,1,0,0,2,0,0,0,109,175.6,27.2,26.0,22.9,0.3,2.1,7.3,0.1,2.2,462188,367897,a,,29,7,3.7850467289719623,0.4193548387096774,1,7.297297297297297,94291,0.24597701149425288,DEF
2024-25,448,Malacia,MUN,2,3.8,2,7,0,0,0,1,0,0,0,0,0,0,0,2,3.6,0.5,0.0,0.4,0.3,1.0,0.5,0.1,0.4,53895,58226,a,,29,0,25.71428571428571,0.65,0,0.5263157894736842,-4331,0.0026819923371647508,DEF
2024-25,449,B.Fernandes,MUN,3,10.1,166,2255,7,14,4,36,0,0,2,3,0,0,31,718,921.4,1335.0,437.0,269.6,7.7,6.4,16.4,0.8,40.8,7875740,5454428,a,,29,25,6.6252771618625275,0.8243243243243243,21,16.435643564356436,2421312,0.8639846743295019,MID
2024-25,450,Cunha,MUN,3,8.0,103,1897,6,3,6,26,0,0,0,1,0,0,10,415,475.0,386.5,576.0,143.9,3.3,4.0,12.9,0.4,7.6,3059496,3142009,a,,29,21,4.886663152345809,0.86,9,12.875,-82513,0.7268199233716475,MID
2024-25,451,Rashford,MUN,3,7.0,0,0,0,0,0,0,0,0,0,0,0,0,0,0,0.0,0.0,0.0,0.0,0.0,0.0,0.0,0.0,0.0,0,2124,u,Has joined Barcelona on loan for the rest of the season,29,0,0.0,1.0,0,0.0,-2124,0.0,MID
2024-25,452,Amad,MUN,3,6.2,70,1736,2,4,4,24,0,0,0,2,0,0,6,366,360.6,506.1,427.0,129.5,1.0,3.0,11.3,0.2,1.5,430042,595472,a,,29,19,3.629032258064516,0.5,6,11.29032258064516,-165430,0.6651340996168582,MID
2024-25,454,Antony,MUN,3,5.9,0,0,0,0,0,0,0,0,0,0,0,0,0,0,0.0,0.0,0.0,0.0,0.0,0.0,0.0,0.0,0.1,1511,10718,u,has joined Real Betis permanently.,29,0,0.0,1.0,0,0.0,-9207,0.0,MID
2024-25,455,Mount,MUN,3,5.9,46,812,3,0,3,14,0,0,0,0,0,0,3,164,162.4,198.5,158.0,51.9,0.0,2.7,7.8,0.0,0.3,183736,198518,a,,29,9,5.098522167487685,0.2702702702702703,3,7.796610169491525,-14782,0.3111111111111111,MID
2024-25,457,Casemiro,MUN,3,5.6,127,1964,6,4,8,22,0,0,0,6,1,0,15,474,622.2,404.2,426.0,145.5,5.7,4.7,22.7,1.0,2.7,674605,391885,a,,29,21,5.819755600814664,0.8245614035087719,10,22.67857142857143,282720,0.7524904214559387,MID
2024-25,458,Mainoo,MUN,3,4.6,39,933,0,2,3,14,0,0,0,0,0,0,0,185,199.0,254.4,55.0,50.9,2.3,1.9,8.5,0.5,1.3,221320,151548,a,,29,10,3.7620578778135045,0.8620689655172414,2,8.478260869565219,69772,0.35747126436781607,MID
2024-25,459,Ugarte,MUN,3,4.7,32,777,0,0,1,21,0,0,0,1,0,0,0,157,134.6,64.8,38.0,23.6,0.3,1.7,6.8,0.1,0.1,29819,38491,a,,29,8,3.7065637065637063,0.4814814814814815,0,6.808510638297872,-8672,0.29770114942528736,MID
2024-25,460,Collyer,MUN,3,4.5,0,0,0,0,0,0,0,0,0,0,0,0,0,0,0.0,0.0,0.0,0.0,0.0,0.0,0.0,0.0,0.0,505,9633,u,has joined Hull City on loan for the rest of the season.,29,0,0.0,1.0,0,0.0,-9128,0.0,MID
2024-25,461,Fitzgerald,MUN,3,4.3,0,0,0,0,0,0,0,0,0,0,0,0,0,0,0.0,0.0,0.0,0.0,0.0,0.0,0.0,0.0,0.0,3441,4954,a,,29,0,0.0,1.0,0,0.0,-1513,0.0,MID
2024-25,462,J.Fletcher,MUN,3,4.3,3,107,0,0,0,0,0,0,0,0,0,0,0,10,18.6,24.4,5.0,4.8,0.0,1.0,0.7,0.0,0.1,15061,13389,a,,29,1,2.5233644859813085,0.5,0,0.6976744186046512,1672,0.04099616858237548,MID
2024-25,463,Kone,MUN,3,4.3,0,0,0,0,0,0,0,0,0,0,0,0,0,0,0.0,0.0,0.0,0.0,0.0,0.0,0.0,0.0,0.1,9069,13369,u,has joined Lausanne-Sport on loan for the rest of the season.,29,0,0.0,1.0,0,0.0,-4300,0.0,MID
2024-25,464,Moorhouse,MUN,3,4.5,0,0,0,0,0,0,0,0,0,0,0,0,0,0,0.0,0.0,0.0,0.0,0.0,0.0,0.0,0.0,0.0,723,2857,u,has joined Leyton Orient on loan for the rest of the season.,29,0,0.0,1.0,0,0.0,-2134,0.0,MID
2024-25,465,Højlund,MUN,4,6.3,0,0,0,0,0,0,0,0,0,0,0,0,0,0,0.0,0.0,0.0,0.0,0.0,0.0,0.0,0.0,0.3,5437,56682,u,has joined Napoli on loan for the rest of the season.,29,0,0.0,1.0,0,0.0,-51245,0.0,FWD
2024-25,466,Zirkzee,MUN,4,5.8,37,509,2,1,1,8,0,0,0,1,0,0,6,130,152.8,161.8,195.0,50.6,0.7,2.1,6.4,0.1,0.4,108498,129680,a,,29,5,6.542239685658153,0.5483870967741935,3,6.379310344827586,-21182,0.19501915708812262,FWD
2024-25,467,Obi,MUN,4,4.2,0,0,0,0,0,0,0,0,0,0,0,0,0,0,0.0,0.0,0.0,0.0,0.0,0.0,0.0,0.0,1.5,272512,369484,a,,29,0,0.0,1.0,0,0.0,-96972,0.0,FWD
2024-25,468,Wheatley,MUN,4,4.5,0,0,0,0,0,0,0,0,0,0,0,0,0,0,0.0,0.0,0.0,0.0,0.0,0.0,0.0,0.0,0.1,4530,14853,u,has joined Bradford City on loan for the rest of the season.,29,0,0.0,1.0,0,0.0,-10323,0.0,FWD
2024-25,681,Šeško,MUN,4,7.3,89,1295,8,2,1,26,0,0,0,1,0,0,17,304,370.2,133.5,658.0,115.5,6.0,3.7,12.2,0.8,6.0,1080472,1399777,a,,29,14,6.185328185328185,0.5106382978723405,10,12.191780821917808,-319305,0.49616858237547895,FWD
2024-25,733,Lammens,MUN,1,5.0,72,2070,0,0,5,29,0,0,0,0,0,53,6,276,431.2,0.0,2.0,43.3,4.3,3.1,14.4,0.9,2.5,537445,301204,a,,29,23,3.130434782608696,0.7073170731707317,0,14.4,236241,0.7931034482758621,GK
2024-25,755,Lacey,MUN,3,4.5,2,12,0,0,0,0,0,0,0,0,0,0,0,8,4.0,1.5,11.0,1.5,0.0,1.0,0.4,0.0,0.0,3356,2495,a,,29,0,15.0,0.5,0,0.4444444444444444,861,0.004597701149425287,MID
2024-25,769,Bendito Mantato,MUN,3,4.5,1,15,0,0,0,0,0,0,0,0,0,0,0,3,2.2,11.7,0.0,1.4,0.0,1.0,0.2,0.0,0.0,459,309,a,,29,0,6.0,0.5,0,0.2222222222222222,150,0.005747126436781609,MID
2024-25,771,Fletcher,MUN,3,4.4,1,1,0,0,0,0,0,0,0,0,0,0,0,3,0.4,1.0,0.0,0.1,0.0,1.0,0.2,0.0,0.0,2144,1188,a,,29,0,90.0,0.5,0,0.22727272727272727,956,0.0003831417624521073,MID
2024-25,788,Kukonki,MUN,2,4.0,0,0,0,0,0,0,0,0,0,0,0,0,0,0,0.0,0.0,0.0,0.0,0.0,0.0,0.0,0.0,0.0,438,362,a,,29,0,0.0,1.0,0,0.0,76,0.0,DEF
2024-25,52,J.Ramsey,NEW,3,5.3,34,894,2,1,0,22,0,0,0,3,1,0,1,168,181.6,194.0,122.0,49.8,3.3,1.8,6.4,0.6,0.2,30791,76366,a,,29,9,3.4228187919463084,0.4642857142857143,3,6.415094339622642,-45575,0.3425287356321839,MID
2024-25,135,Wissa,NEW,4,7.3,19,421,1,0,1,8,0,0,0,1,0,0,0,57,52.0,35.5,137.0,21.7,0.3,1.6,2.6,0.0,0.6,237664,452968,a,,29,4,4.061757719714964,0.5,1,2.6027397260273974,-215304,0.16130268199233716,FWD
2024-25,469,Pope,NEW,1,5.1,82,1966,0,1,7,32,0,0,0,1,0,67,3,336,505.8,0.0,35.0,54.1,1.0,3.7,16.1,0.2,4.5,1501014,1549580,a,,29,21,3.7538148524923702,0.42553191489361697,1,16.07843137254902,-48566,0.753256704980843,GK
2024-25,471,Gillespie,NEW,1,3.9,0,0,0,0,0,0,0,0,0,0,0,0,0,0,0.0,0.0,0.0,0.0,0.0,0.0,0.0,0.0,0.1,6751,10553,a,,29,0,0.0,1.0,0,0.0,-3802,0.0,GK
2024-25,472,Odysseas,NEW,1,4.0,0,0,0,0,0,0,0,0,0,0,0,0,0,0,0.0,0.0,0.0,0.0,0.0,0.0,0.0,0.0,0.0,0,2472,u,Has joined Sevilla on loan for the rest of the season.,29,0,0.0,1.0,0,0.0,-2472,0.0,GK
2024-25,473,Hall,NEW,2,5.3,66,1569,1,2,3,30,0,0,0,2,0,0,4,267,427.4,271.8,131.0,83.0,3.3,3.0,12.5,0.6,2.4,625407,564368,a,,29,17,3.78585086042065,0.925,3,12.452830188679245,61039,0.6011494252873564,DEF
2024-25,474,Schär,NEW,2,5.2,51,1089,0,0,4,13,0,0,0,1,0,0,0,186,291.2,63.6,108.0,46.4,0.0,3.2,9.8,0.0,1.2,296909,494072,i,Ankle injury - Expected back 18 Apr,29,12,4.214876033057851,0.23809523809523814,0,9.807692307692307,-197163,0.41724137931034483,DEF
2024-25,475,Botman,NEW,2,4.9,54,1061,1,1,4,17,1,0,0,1,0,0,4,209,325.8,49.7,132.0,50.8,0.3,3.4,11.0,0.1,0.4,77316,103303,a,,29,11,4.580584354382657,0.2954545454545455,2,11.020408163265305,-25987,0.40651340996168583,DEF
2024-25,476,Burn,NEW,2,5.0,74,1708,0,3,6,28,0,0,0,7,1,0,5,213,373.4,87.6,76.0,53.8,1.3,3.5,14.8,0.3,3.3,1508907,1666279,a,,29,18,3.899297423887588,0.5111111111111111,3,14.8,-157372,0.6544061302681993,DEF
2024-25,477,Livramento,NEW,2,4.9,49,1048,0,1,5,10,0,0,0,1,0,0,3,218,190.8,178.1,36.0,40.5,0.0,3.8,10.0,0.0,1.8,1090187,1378435,a,,29,11,4.208015267175573,0.20833333333333337,1,10.0,-288248,0.40153256704980844,DEF
2024-25,478,Trippier,NEW,2,4.9,48,1392,0,1,5,24,0,0,0,3,0,0,2,202,261.4,430.7,12.0,70.3,2.3,2.8,9.8,0.5,1.4,250008,375707,a,,29,15,3.103448275862069,0.868421052631579,1,9.795918367346937,-125699,0.5333333333333333,DEF
2024-25,479,Krafth,NEW,2,4.3,0,45,0,0,0,2,0,0,0,0,0,0,0,-8,1.4,1.2,0.0,0.3,0.0,0.0,0.0,0.0,0.0,1579,5183,i,Knee injury - Unknown return date,29,0,0.0,1.0,0,0.0,-3604,0.017241379310344827,DEF
2024-25,480,Lascelles,NEW,2,4.3,1,19,0,0,0,2,0,0,0,0,0,0,0,0,10.2,0.0,7.0,1.7,0.0,0.5,0.2,0.0,0.0,2754,9043,u,has joined Leicester City permanently.,29,0,4.7368421052631575,0.6666666666666667,0,0.23255813953488372,-6289,0.0072796934865900385,DEF
2024-25,481,A.Murphy,NEW,2,3.8,1,1,0,0,0,1,0,0,0,0,0,0,0,-1,2.2,0.0,0.0,0.2,0.0,1.0,0.3,0.0,0.7,78884,102300,a,,29,0,90.0,0.5,0,0.2631578947368421,-23416,0.0003831417624521073,DEF
2024-25,482,Ashby,NEW,2,3.9,0,0,0,0,0,0,0,0,0,0,0,0,0,0,0.0,0.0,0.0,0.0,0.0,0.0,0.0,0.0,0.1,8541,16958,u,has joined Bradford City on loan for the rest of the season.,29,0,0.0,1.0,0,0.0,-8417,0.0,DEF
2024-25,483,Pivas,NEW,2,3.8,0,0,0,0,0,0,0,0,0,0,0,0,0,0,0.0,0.0,0.0,0.0,0.0,0.0,0.0,0.0,0.4,66098,49043,a,,29,0,0.0,1.0,0,0.0,17055,0.0,DEF
2024-25,484,Targett,NEW,2,4.0,0,0,0,0,0,0,0,0,0,0,0,0,0,0,0.0,0.0,0.0,0.0,0.0,0.0,0.0,0.0,0.1,3759,45288,u,has joined Middlesbrough on loan for the rest of the season.,29,0,0.0,1.0,0,0.0,-41529,0.0,DEF
2024-25,485,Gordon,NEW,3,7.2,77,1550,4,4,6,29,0,0,0,3,1,0,4,276,308.8,383.9,448.0,113.7,3.7,3.3,10.7,0.5,2.9,1582145,1482117,a,,29,17,4.470967741935484,0.9069767441860465,8,10.694444444444445,100028,0.5938697318007663,MID
2024-25,486,Elanga,NEW,3,6.5,39,1131,0,1,2,25,0,0,0,0,0,0,0,152,122.2,256.5,161.0,54.0,1.7,1.6,6.0,0.3,2.6,559480,1185161,a,,29,12,3.103448275862069,0.9615384615384616,1,6.0,-625681,0.43333333333333335,MID
2024-25,487,Barnes,NEW,3,6.1,78,1483,5,0,4,23,0,0,0,1,0,0,8,254,292.6,288.3,571.0,114.8,0.7,2.8,12.8,0.1,1.1,729236,670849,a,,29,16,4.733648010788941,0.44736842105263164,5,12.78688524590164,58387,0.5681992337164751,MID
2024-25,488,Bruno G.,NEW,3,6.8,134,2019,9,6,6,31,0,0,0,5,0,0,19,584,682.6,634.3,365.0,168.3,0.0,5.8,19.7,0.0,4.9,4039466,3743955,i,Hamstring injury - Expected back 11 Apr,29,22,5.973254086181278,0.1470588235294118,15,19.705882352941178,295511,0.7735632183908046,MID
2024-25,489,J.Murphy,NEW,3,5.9,61,1134,3,1,6,13,0,0,0,1,0,0,2,245,252.8,318.3,297.0,85.9,2.7,2.5,10.3,0.5,0.6,161849,346732,a,,29,12,4.841269841269841,0.9428571428571428,4,10.338983050847457,-184883,0.43448275862068964,MID
2024-25,490,Joelinton,NEW,3,5.9,62,1574,2,1,5,22,0,0,0,8,0,0,2,269,290.4,258.5,309.0,85.8,2.0,2.8,10.5,0.3,0.3,76391,104392,a,,29,17,3.545108005082592,0.7894736842105263,3,10.508474576271185,-28001,0.6030651340996168,MID
2024-25,491,Tonali,NEW,3,5.3,71,2037,0,2,7,31,0,0,0,3,0,0,2,391,336.6,433.5,165.0,93.8,3.3,2.4,13.4,0.6,1.1,209622,310858,a,,29,22,3.1369661266568483,0.7352941176470589,2,13.39622641509434,-101236,0.7804597701149425,MID
2024-25,492,Antoñito C.,NEW,3,4.9,0,0,0,0,0,0,0,0,0,0,0,0,0,0,0.0,0.0,0.0,0.0,0.0,0.0,0.0,0.0,0.0,655,3575,u,has joined Cadiz on loan for the rest of the season.,29,0,0.0,1.0,0,0.0,-2920,0.0,MID
2024-25,494,Willock,NEW,3,5.0,21,592,0,0,2,12,0,0,0,3,0,0,0,84,61.0,102.5,89.0,25.1,0.3,1.2,4.2,0.1,0.1,12956,12511,a,,29,6,3.1925675675675675,0.590909090909091,0,4.2,445,0.2268199233716475,MID
2024-25,495,Hayden,NEW,3,4.5,0,0,0,0,0,0,0,0,0,0,0,0,0,0,0.0,0.0,0.0,0.0,0.0,0.0,0.0,0.0,0.0,0,1611,u,Has departed the club as a free agent.,29,0,0.0,1.0,0,0.0,-1611,0.0,MID
2024-25,496,Kuol,NEW,3,4.4,0,0,0,0,0,0,0,0,0,0,0,0,0,0,0.0,0.0,0.0,0.0,0.0,0.0,0.0,0.0,0.0,2219,7402,u,has joined Sparta Prague permanently.,29,0,0.0,1.0,0,0.0,-5183,0.0,MID
2024-25,497,L.Miley,NEW,3,4.4,58,1133,1,3,2,16,0,0,0,0,0,0,4,271,275.0,214.3,132.0,62.1,0.0,3.1,13.2,0.0,2.2,642607,667075,i,Dead leg - Expected back 22 Mar,29,12,4.607237422771403,0.24390243902439013,4,13.18181818181818,-24468,0.43409961685823756,MID
2024-25,498,White,NEW,3,4.5,0,0,0,0,0,0,0,0,0,0,0,0,0,0,0.0,0.0,0.0,0.0,0.0,0.0,0.0,0.0,0.0,117,1253,u,has joined Bradford City on loan for the rest of the season.,29,0,0.0,1.0,0,0.0,-1136,0.0,MID
2024-25,500,Osula,NEW,4,5.4,30,267,2,1,1,6,0,0,0,0,0,0,2,107,77.4,16.1,87.0,17.8,3.0,1.9,5.6,0.6,0.2,73928,86881,a,,29,2,10.112359550561797,0.6206896551724137,3,5.555555555555555,-12953,0.10229885057471265,FWD
2024-25,501,Neave,NEW,4,4.3,0,0,0,0,0,0,0,0,0,0,0,0,0,0,0.0,0.0,0.0,0.0,0.0,0.0,0.0,0.0,0.3,25821,36048,a,,29,0,0.0,1.0,0,0.0,-10227,0.0,FWD
2024-25,674,Ramsdale,NEW,1,4.8,14,643,0,0,0,11,0,0,0,0,0,14,0,58,125.8,10.0,0.0,13.6,1.0,1.8,2.9,0.2,0.7,112300,153657,a,,29,7,1.9595645412130638,0.7142857142857142,0,2.916666666666667,-41357,0.246360153256705,GK
2024-25,684,Thiaw,NEW,2,5.0,105,2207,4,0,4,40,0,0,0,3,0,0,11,339,683.8,102.9,346.0,113.0,2.7,4.0,21.0,0.5,4.1,1270263,783783,a,,29,24,4.281830539193476,0.74,4,21.0,486480,0.8455938697318007,DEF
2024-25,689,Seung soo,NEW,3,4.3,0,0,0,0,0,0,0,0,0,0,0,0,0,0,0.0,0.0,0.0,0.0,0.0,0.0,0.0,0.0,0.5,92254,55303,a,,29,0,0.0,1.0,0,0.0,36951,0.0,MID
2024-25,714,Woltemade,NEW,4,6.7,86,1530,7,3,6,25,1,0,0,0,0,0,10,300,358.2,182.7,381.0,91.1,0.7,3.4,12.8,0.1,6.9,5431061,4738369,a,,29,17,5.0588235294117645,0.38636363636363635,10,12.835820895522387,692692,0.5862068965517241,FWD
2024-25,753,Ruddy,NEW,1,4.0,0,0,0,0,0,0,0,0,0,0,0,0,0,0,0.0,0.0,0.0,0.0,0.0,0.0,0.0,0.0,0.0,1608,1015,a,,29,0,0.0,1.0,0,0.0,593,0.0,GK
2024-25,765,Shahar,NEW,2,4.0,0,0,0,0,0,0,0,0,0,0,0,0,0,0,0.0,0.0,0.0,0.0,0.0,0.0,0.0,0.0,0.0,3898,2267,a,,29,0,0.0,1.0,0,0.0,1631,0.0,DEF
2024-25,772,Alabi,NEW,3,4.5,0,0,0,0,0,0,0,0,0,0,0,0,0,0,0.0,0.0,0.0,0.0,0.0,0.0,0.0,0.0,0.0,524,279,a,,29,0,0.0,1.0,0,0.0,245,0.0,MID
2024-25,12,Zinchenko,NFO,2,4.9,7,352,0,0,0,6,0,0,0,0,0,0,0,56,80.8,83.4,22.0,18.6,0.0,1.4,1.4,0.0,0.2,26902,53501,u,has joined Ajax permanently.,29,3,1.7897727272727273,0.41666666666666663,0,1.4285714285714284,-26599,0.13486590038314175,DEF
2024-25,400,Ortega Moreno,NFO,1,4.7,11,270,0,0,1,4,0,0,0,0,0,8,0,38,68.6,0.0,0.0,6.9,2.5,3.7,2.3,0.5,0.2,10965,24442,d,Calf injury - 25% chance of playing,29,3,3.666666666666667,0.7446808510638298,0,2.3404255319148937,-13477,0.10344827586206896,GK
2024-25,426,McAtee,NFO,3,5.0,7,170,0,0,0,8,0,0,0,1,0,0,0,27,16.2,45.0,10.0,7.2,0.2,0.9,1.4,0.0,0.1,13178,26687,a,,29,1,3.7058823529411766,0.631578947368421,0,1.4,-13509,0.06513409961685823,MID
2024-25,502,Sels,NFO,1,4.6,64,1857,0,0,4,31,0,0,0,2,0,63,3,262,473.0,10.0,0.0,48.3,0.8,2.9,13.9,0.2,4.7,410743,2039790,a,,29,20,3.101777059773829,0.46153846153846156,0,13.913043478260871,-1629047,0.7114942528735633,GK
2024-25,503,C.Miguel,NFO,1,4.0,0,0,0,0,0,0,0,0,0,0,0,0,0,0,0.0,0.0,0.0,0.0,0.0,0.0,0.0,0.0,0.1,448,15663,u,Has joined Palmeiras permanently.,29,0,0.0,1.0,0,0.0,-15215,0.0,GK
2024-25,504,Turner,NFO,1,4.0,0,0,0,0,0,0,0,0,0,0,0,0,0,0,0.0,0.0,0.0,0.0,0.0,0.0,0.0,0.0,0.1,0,15729,u,Has joined Lyon permanently.,29,0,0.0,1.0,0,0.0,-15729,0.0,GK
2024-25,505,Milenković,NFO,2,5.1,81,2610,0,0,6,43,1,0,0,6,0,0,1,272,513.8,38.6,104.0,65.9,2.8,2.8,15.9,0.5,3.1,350704,1063490,a,,29,29,2.793103448275862,1.0,0,15.882352941176471,-712786,1.0,DEF
2024-25,506,Murillo,NFO,2,5.2,69,1819,1,0,4,28,1,0,0,4,0,0,3,274,492.4,101.1,73.0,66.7,1.2,3.3,13.3,0.2,1.9,266269,799802,a,,29,20,3.4139637163276526,0.5116279069767442,1,13.269230769230768,-533533,0.6969348659003831,DEF
2024-25,507,Aina,NFO,2,4.7,38,1139,0,1,3,17,0,0,0,3,0,0,3,147,195.4,127.5,54.0,37.8,2.5,2.9,8.1,0.5,2.3,321161,1623930,a,,29,12,3.0026338893766464,0.8974358974358975,1,8.085106382978724,-1302769,0.4363984674329502,DEF
2024-25,508,N.Williams,NFO,2,4.7,84,2438,1,1,6,40,0,0,0,4,1,0,9,379,583.0,408.3,258.0,124.8,3.2,3.0,17.9,0.7,2.8,395634,1169102,a,,29,27,3.1009023789991796,0.95,2,17.872340425531913,-773468,0.9340996168582375,DEF
2024-25,509,David Carmo,NFO,2,4.5,0,0,0,0,0,0,0,0,0,0,0,0,0,0,0.0,0.0,0.0,0.0,0.0,0.0,0.0,0.0,0.0,427,4411,u,has joined Real Oviedo on loan for the rest of the season.,29,0,0.0,1.0,0,0.0,-3984,0.0,DEF
2024-25,510,Jair Cunha,NFO,2,4.2,5,214,0,0,0,4,0,0,0,0,0,0,0,18,46.2,0.8,10.0,5.6,0.5,1.7,1.2,0.1,0.1,3441,8408,d,Foot injury - 75% chance of playing,29,2,2.102803738317757,0.5555555555555556,0,1.1904761904761905,-4967,0.08199233716475096,DEF
2024-25,511,Morato,NFO,2,4.3,35,938,0,0,2,17,0,0,0,4,0,0,1,145,233.8,20.8,59.0,31.4,2.2,2.3,8.1,0.5,0.1,9217,13388,a,,29,10,3.3582089552238803,0.9696969696969698,0,8.13953488372093,-4171,0.3593869731800766,DEF
2024-25,512,O.Richards,NFO,2,4.5,0,0,0,0,0,0,0,0,0,0,0,0,0,0,0.0,0.0,0.0,0.0,0.0,0.0,0.0,0.0,0.0,345,4126,u,has joined Rio Ave on loan for the rest of the season.,29,0,0.0,1.0,0,0.0,-3781,0.0,DEF
2024-25,513,Abbott,NFO,2,3.8,2,120,0,0,0,4,0,0,0,0,0,0,0,1,25.4,6.3,0.0,3.2,0.0,1.0,0.5,0.0,0.3,29155,29366,a,,29,1,1.5,0.5,0,0.5263157894736842,-211,0.04597701149425287,DEF
2024-25,514,Boly,NFO,2,3.8,0,0,0,0,0,0,0,0,0,0,0,0,0,0,0.0,0.0,0.0,0.0,0.0,0.0,0.0,0.0,0.4,42617,65791,i,Knee injury - Unknown return date,29,0,0.0,1.0,0,0.0,-23174,0.0,DEF
2024-25,515,Gibbs-White,NFO,3,7.3,122,2477,8,2,7,39,0,0,0,1,0,0,11,483,531.0,641.9,588.0,175.9,5.5,4.2,16.7,0.8,4.0,979798,1126278,a,,29,27,4.432781590633831,0.75,10,16.71232876712329,-146480,0.9490421455938697,MID
2024-25,516,Hudson-Odoi,NFO,3,5.7,74,1634,3,2,5,25,0,0,0,0,0,0,6,311,312.8,528.2,300.0,113.8,3.0,2.7,13.0,0.5,0.7,266746,337404,a,,29,18,4.0758873929008566,0.918918918918919,5,12.982456140350877,-70658,0.6260536398467433,MID
2024-25,517,Anderson,NFO,3,5.5,131,2596,2,3,7,42,0,0,0,5,0,0,10,602,669.0,752.8,232.0,165.7,5.8,4.5,23.8,1.1,7.4,1494175,1285557,a,,29,28,4.541602465331279,0.7636363636363637,5,23.818181818181817,208618,0.9946360153256705,MID
2024-25,518,Jota,NFO,3,5.4,1,11,0,0,0,0,0,0,0,0,0,0,0,6,5.0,0.5,4.0,1.0,0.0,1.0,0.2,0.0,0.0,1029,9145,u,has joined Besiktas on loan for the rest of the season.,29,0,8.181818181818182,0.5,0,0.18518518518518517,-8116,0.00421455938697318,MID
2024-25,519,Dominguez,NFO,3,5.0,36,886,1,0,3,18,0,0,0,2,0,0,3,157,182.6,153.5,119.0,45.6,0.8,2.0,7.2,0.2,0.0,5156,3857,a,,29,9,3.656884875846501,0.6000000000000001,1,7.2,1299,0.33946360153256705,MID
2024-25,520,O'Brien,NFO,3,5.0,0,0,0,0,0,0,0,0,0,0,0,0,0,0,0.0,0.0,0.0,0.0,0.0,0.0,0.0,0.0,0.0,0,118,u,Has joined Wrexham permanently.,29,0,0.0,1.0,0,0.0,-118,0.0,MID
2024-25,521,Sangaré,NFO,3,4.9,68,1584,2,2,6,22,0,0,0,4,0,0,2,285,330.2,142.3,116.0,59.0,2.5,3.2,13.9,0.5,0.1,10998,12811,a,,29,17,3.8636363636363633,0.8333333333333333,4,13.877551020408163,-1813,0.6068965517241379,MID
2024-25,522,Yates,NFO,3,4.7,18,368,0,1,0,5,0,0,0,1,0,0,0,75,71.6,48.4,34.0,15.1,0.2,1.3,3.8,0.0,0.1,9932,19230,a,,29,4,4.4021739130434785,0.5217391304347825,1,3.829787234042553,-9298,0.1409961685823755,MID
2024-25,523,Da Silva Moreira,NFO,3,4.5,0,0,0,0,0,0,0,0,0,0,0,0,0,0,0.0,0.0,0.0,0.0,0.0,0.0,0.0,0.0,0.1,2681,16827,a,,29,0,0.0,1.0,0,0.0,-14146,0.0,MID
2024-25,524,Stamenic,NFO,3,4.5,0,0,0,0,0,0,0,0,0,0,0,0,0,0,0.0,0.0,0.0,0.0,0.0,0.0,0.0,0.0,0.0,245,5704,u,Has joined Swansea City permanently.,29,0,0.0,1.0,0,0.0,-5459,0.0,MID
2024-25,525,Wood,NFO,4,7.1,25,538,2,0,1,8,0,0,0,0,0,0,3,85,77.6,49.6,179.0,29.8,0.0,3.1,3.5,0.0,4.5,2133666,3390675,i,Knee injury - Unknown return date,29,5,4.182156133828996,0.24390243902439013,2,3.5211267605633805,-1257009,0.20613026819923372,FWD
2024-25,526,Igor Jesus,NFO,4,5.8,71,1662,2,4,6,31,0,0,0,0,0,0,6,226,209.6,155.8,495.0,83.7,3.2,2.5,12.2,0.6,1.2,429616,399518,a,,29,18,3.844765342960289,0.7999999999999999,6,12.241379310344827,30098,0.6367816091954023,FWD
2024-25,527,Awoniyi,NFO,4,5.2,15,222,1,0,0,2,0,0,0,0,0,0,1,60,52.4,41.8,105.0,19.8,0.5,1.5,2.9,0.1,0.3,36295,93221,a,,29,2,6.081081081081082,0.6,1,2.8846153846153846,-56926,0.08505747126436781,FWD
2024-25,669,Ndoye,NFO,3,5.5,47,1111,1,2,2,17,0,0,0,1,0,0,4,168,165.0,216.0,178.0,56.1,0.8,2.2,8.5,0.1,0.7,544926,574126,d,Knock - 75% chance of playing,29,12,3.807380738073807,0.5625,3,8.545454545454545,-29200,0.4256704980842912,MID
2024-25,675,Gunn,NFO,1,4.0,1,45,0,0,0,0,0,0,0,0,0,0,0,4,1.2,0.0,0.0,0.1,0.0,1.0,0.2,0.0,1.1,30388,100561,a,,29,0,2.0,0.5,0,0.25,-70173,0.017241379310344827,GK
2024-25,693,Hutchinson,NFO,3,5.4,60,1153,1,5,4,17,0,0,0,0,0,0,3,237,244.8,401.6,275.0,91.9,1.8,2.7,11.1,0.3,0.1,32554,27684,a,,29,12,4.683434518647008,0.7567567567567568,6,11.11111111111111,4870,0.4417624521072797,MID
2024-25,696,Kalimuendo,NFO,4,6.0,9,89,0,0,0,3,0,0,0,0,0,0,0,24,6.8,17.7,39.0,6.3,0.0,1.0,1.5,0.0,0.1,15291,18334,u,has joined Eintracht Frankfurt on loan for the rest of the season.,29,0,9.101123595505618,0.5,0,1.5,-3043,0.03409961685823755,FWD
2024-25,715,John,NFO,1,4.0,11,437,0,0,1,8,0,0,0,1,0,6,0,32,56.4,0.0,0.0,5.7,0.0,2.2,2.8,0.0,0.3,66163,46884,i,Knee injury - Expected back 01 Jun,29,4,2.265446224256293,0.3125,0,2.75,19279,0.1674329501915709,GK
2024-25,716,Savona,NFO,2,4.5,39,1025,2,0,3,18,0,0,0,2,0,0,0,131,216.6,123.2,94.0,43.5,0.0,2.8,8.7,0.0,0.1,46677,43970,i,Knee injury - Unknown return date,29,11,3.424390243902439,0.26315789473684215,2,8.666666666666666,2707,0.39272030651340994,DEF
2024-25,729,Cuiabano,NFO,2,4.5,0,0,0,0,0,0,0,0,0,0,0,0,0,0,0.0,0.0,0.0,0.0,0.0,0.0,0.0,0.0,0.0,94,116,u,has joined Vasco de Gama on loan for the rest of the season.,29,0,0.0,1.0,0,0.0,-22,0.0,DEF
2024-25,734,Bakwa,NFO,3,5.9,14,342,0,1,0,8,0,0,0,1,0,0,0,55,49.8,113.9,78.0,23.8,0.5,1.4,2.4,0.1,0.0,4517,4119,a,,29,3,3.6842105263157894,0.625,1,2.3728813559322033,398,0.1310344827586207,MID
2024-25,805,Lucca,NFO,4,5.5,8,119,1,0,1,1,0,0,0,0,0,0,0,34,37.2,12.7,31.0,7.9,0.8,2.7,1.5,0.1,0.0,5606,3434,a,,29,1,6.050420168067227,0.4864864864864865,1,1.4545454545454546,2172,0.04559386973180077,FWD
2024-25,814,Netz,NFO,2,4.5,2,48,0,0,0,0,0,0,0,0,0,0,0,8,7.8,1.7,2.0,1.1,0.2,1.0,0.4,0.0,0.0,378,157,a,,29,0,3.75,0.6,0,0.4444444444444444,221,0.01839080459770115,DEF
2024-25,528,Patterson,SUN,1,4.2,0,0,0,0,0,0,0,0,0,0,0,0,0,0,0.0,0.0,0.0,0.0,0.0,0.0,0.0,0.0,0.2,10565,34383,u,has joined Millwall on loan for the rest of the season.,29,0,0.0,1.0,0,0.0,-23818,0.0,GK
2024-25,529,Moore,SUN,1,3.9,0,0,0,0,0,0,0,0,0,0,0,0,0,0,0.0,0.0,0.0,0.0,0.0,0.0,0.0,0.0,0.4,18660,33988,a,,29,0,0.0,1.0,0,0.0,-15328,0.0,GK
2024-25,530,Nna Noukeu,SUN,1,3.9,0,0,0,0,0,0,0,0,0,0,0,0,0,0,0.0,0.0,0.0,0.0,0.0,0.0,0.0,0.0,0.1,7473,13212,u,has joined US Boulogne CO permanently.,29,0,0.0,1.0,0,0.0,-5739,0.0,GK
2024-25,531,Ballard,SUN,2,4.7,114,1941,2,2,6,27,0,0,0,3,0,0,9,353,612.4,153.6,348.0,111.5,5.2,4.6,24.3,1.1,3.9,1204947,974978,a,,29,21,5.285935085007727,0.8928571428571428,4,24.25531914893617,229969,0.7436781609195402,DEF
2024-25,532,Hume,SUN,2,4.5,85,2399,0,1,8,31,0,0,0,7,0,0,6,300,386.6,269.8,178.0,82.5,3.2,2.9,18.9,0.7,0.3,77670,70258,a,,29,26,3.1888286786160904,0.923076923076923,1,18.88888888888889,7412,0.9191570881226053,DEF
2024-25,533,Alese,SUN,2,4.0,0,0,0,0,0,0,0,0,0,0,0,0,0,0,0.0,0.0,0.0,0.0,0.0,0.0,0.0,0.0,0.0,611,861,u,has joined Portsmouth on loan for the rest of the season.,29,0,0.0,1.0,0,0.0,-250,0.0,DEF
2024-25,534,Anderson,SUN,2,3.8,0,0,0,0,0,0,0,0,0,0,0,0,0,0,0.0,0.0,0.0,0.0,0.0,0.0,0.0,0.0,0.3,39413,64857,u,has joined Barrow FC permanently.,29,0,0.0,1.0,0,0.0,-25444,0.0,DEF
2024-25,535,Cirkin,SUN,2,4.0,13,296,0,0,1,2,0,0,0,1,0,0,0,44,58.2,8.7,2.0,6.8,0.0,2.2,3.2,0.0,0.0,7352,6813,d,Lack of match fitness - 75% chance of playing,29,3,3.952702702702703,0.3125,0,3.25,539,0.11340996168582375,DEF
2024-25,536,Hjelde,SUN,2,4.0,0,0,0,0,0,0,0,0,0,0,0,0,0,0,0.0,0.0,0.0,0.0,0.0,0.0,0.0,0.0,0.0,1255,1485,u,has joined Sheffield United on loan for the rest of the season.,29,0,0.0,1.0,0,0.0,-230,0.0,DEF
2024-25,537,Huggins,SUN,2,4.0,0,0,0,0,0,0,0,0,0,0,0,0,0,0,0.0,0.0,0.0,0.0,0.0,0.0,0.0,0.0,0.1,1038,16180,u,has joined Wycombe Wanderers on loan for the rest of the season.,29,0,0.0,1.0,0,0.0,-15142,0.0,DEF
2024-25,538,Johnson,SUN,2,3.8,0,0,0,0,0,0,0,0,0,0,0,0,0,0,0.0,0.0,0.0,0.0,0.0,0.0,0.0,0.0,0.2,23261,33098,u,has joined York City on loan for the rest of the season.,29,0,0.0,1.0,0,0.0,-9837,0.0,DEF
2024-25,539,O'Nien,SUN,2,4.0,7,112,0,0,1,0,0,0,0,1,1,0,0,26,10.4,2.2,2.0,1.5,1.2,1.2,1.8,0.3,0.1,7496,7549,a,,29,1,5.625,1.0,0,1.75,-53,0.04291187739463601,DEF
2024-25,540,Pembele,SUN,2,3.9,0,0,0,0,0,0,0,0,0,0,0,0,0,0,0.0,0.0,0.0,0.0,0.0,0.0,0.0,0.0,0.3,47547,47789,u,has joined Le Havre AC on loan for the rest of the season.,29,0,0.0,1.0,0,0.0,-242,0.0,DEF
2024-25,541,Reinildo,SUN,2,3.8,51,1427,0,2,4,20,0,0,0,6,1,0,5,181,285.4,94.0,37.0,41.8,0.2,3.0,13.4,0.1,2.9,614850,1051063,i,Knee injury - Expected back 22 Mar,29,15,3.216538192011212,0.30000000000000004,2,13.421052631578949,-436213,0.5467432950191571,DEF
2024-25,542,Seelt,SUN,2,4.0,2,133,0,0,0,2,0,0,0,0,0,0,0,11,33.6,2.4,0.0,3.6,0.0,1.0,0.5,0.0,0.1,3016,25247,u,has joined Wolfsburg on loan for the rest of the season.,29,1,1.3533834586466165,0.5,0,0.5,-22231,0.050957854406130265,DEF
2024-25,543,Adingra,SUN,3,4.9,34,649,1,1,4,8,0,0,0,2,0,0,3,81,81.4,116.8,75.0,27.0,0.0,2.4,6.9,0.0,0.3,90681,230541,u,has joined AS Monaco on loan for the rest of the season.,29,7,4.714946070878274,0.2941176470588235,2,6.938775510204081,-139860,0.24865900383141762,MID
2024-25,544,Diarra,SUN,3,5.3,44,925,2,3,4,9,0,0,0,4,0,0,3,137,110.2,67.4,155.0,32.6,4.0,3.7,8.3,0.8,0.1,18010,19351,a,,29,10,4.281081081081081,0.9361702127659575,5,8.30188679245283,-1341,0.3544061302681992,MID
2024-25,545,Roberts,SUN,3,5.4,1,27,0,0,0,1,0,0,0,0,0,0,0,4,1.8,7.3,5.0,1.4,0.0,1.0,0.2,0.0,0.0,462,4082,u,has joined Birmingham City permanently.,29,0,3.333333333333333,0.5,0,0.18518518518518517,-3620,0.010344827586206896,MID
2024-25,546,Aleksić,SUN,3,4.9,0,0,0,0,0,0,0,0,0,0,0,0,0,0,0.0,0.0,0.0,0.0,0.0,0.0,0.0,0.0,0.0,477,3475,a,,29,0,0.0,1.0,0,0.0,-2998,0.0,MID
2024-25,547,E.Le Fée,SUN,3,5.0,107,2295,4,4,8,31,0,0,1,5,0,0,8,430,533.2,566.5,199.0,130.0,4.8,3.8,21.4,1.0,1.4,376746,248632,a,,29,25,4.196078431372549,0.7916666666666666,8,21.4,128114,0.8793103448275862,MID
2024-25,548,Mundle,SUN,3,4.9,14,399,0,0,0,11,0,0,0,1,0,0,0,42,29.4,33.6,69.0,12.7,0.5,1.0,2.9,0.1,0.0,1125,1605,i,Hamstring injury - Expected back 18 Apr,29,4,3.1578947368421053,0.75,0,2.8571428571428568,-480,0.1528735632183908,MID
2024-25,549,Neil,SUN,3,4.8,3,13,0,0,0,0,0,0,0,0,0,0,0,10,3.0,1.4,0.0,0.4,0.0,1.0,0.6,0.0,0.0,1972,4652,u,has joined Ipswich Town on loan for the rest of the season.,29,0,20.76923076923077,0.5,0,0.625,-2680,0.004980842911877395,MID
2024-25,550,Poveda,SUN,3,4.8,0,0,0,0,0,0,0,0,0,0,0,0,0,0,0.0,0.0,0.0,0.0,0.0,0.0,0.0,0.0,0.0,1079,2752,a,,29,0,0.0,1.0,0,0.0,-1673,0.0,MID
2024-25,551,Rigg,SUN,3,4.7,16,376,0,0,2,2,0,0,0,0,0,0,0,51,20.2,48.4,21.0,8.9,0.2,1.5,3.4,0.0,0.0,5838,9242,a,,29,4,3.829787234042553,0.48,0,3.404255319148936,-3404,0.14406130268199233,MID
2024-25,552,Sadiki,SUN,3,4.9,58,2114,0,1,7,28,0,0,0,6,0,0,0,299,255.8,201.9,65.0,52.4,2.0,2.4,11.8,0.4,0.1,10859,12050,a,,29,23,2.469252601702933,0.8823529411764706,1,11.83673469387755,-1191,0.8099616858237548,MID
2024-25,553,Talbi,SUN,3,4.9,65,1146,3,2,6,10,0,0,0,0,0,0,5,193,178.2,171.7,160.0,50.5,0.8,3.1,13.3,0.2,0.2,60396,70841,a,,29,12,5.104712041884817,0.4390243902439024,5,13.265306122448978,-10445,0.43908045977011495,MID
2024-25,554,Ba,SUN,3,4.3,0,0,0,0,0,0,0,0,0,0,0,0,0,0,0.0,0.0,0.0,0.0,0.0,0.0,0.0,0.0,0.3,81671,78621,a,,29,0,0.0,1.0,0,0.0,3050,0.0,MID
2024-25,555,Browne,SUN,3,4.5,0,0,0,0,0,0,0,0,0,0,0,0,0,0,0.0,0.0,0.0,0.0,0.0,0.0,0.0,0.0,0.0,1291,9848,u,has joined Middlesbrough on loan for the rest of the season.,29,0,0.0,1.0,0,0.0,-8557,0.0,MID
2024-25,556,Ekwah,SUN,3,4.5,0,0,0,0,0,0,0,0,0,0,0,0,0,0,0.0,0.0,0.0,0.0,0.0,0.0,0.0,0.0,0.0,0,1803,u,Has joined AS Saint-Etienne permanently.,29,0,0.0,1.0,0,0.0,-1803,0.0,MID
2024-25,557,H.Jones,SUN,3,4.3,0,0,0,0,0,0,0,0,0,0,0,0,0,0,0.0,0.0,0.0,0.0,0.0,0.0,0.0,0.0,0.1,8802,10463,a,,29,0,0.0,1.0,0,0.0,-1661,0.0,MID
2024-25,558,Matete,SUN,3,4.3,0,0,0,0,0,0,0,0,0,0,0,0,0,0,0.0,0.0,0.0,0.0,0.0,0.0,0.0,0.0,0.2,30710,45427,u,has joined MK Dons permanently.,29,0,0.0,1.0,0,0.0,-14717,0.0,MID
2024-25,559,Triantis,SUN,3,4.4,0,0,0,0,0,0,0,0,0,0,0,0,0,0,0.0,0.0,0.0,0.0,0.0,0.0,0.0,0.0,0.0,2951,8643,u,has joined Minnesota United permanently.,29,0,0.0,1.0,0,0.0,-5692,0.0,MID
2024-25,560,Isidor,SUN,4,5.1,60,1056,4,1,4,15,0,0,0,1,0,0,7,193,168.8,24.2,384.0,57.6,1.8,2.3,11.8,0.4,1.4,966019,872887,a,,29,11,5.113636363636363,0.8484848484848485,5,11.764705882352942,93132,0.4045977011494253,FWD
2024-25,561,Mayenda,SUN,4,5.2,37,737,2,0,3,9,0,0,0,0,0,0,5,117,115.6,53.5,188.0,35.3,2.8,2.2,7.1,0.5,0.5,270514,306117,a,,29,8,4.51831750339213,0.8125000000000001,2,7.115384615384615,-35603,0.28237547892720305,FWD
2024-25,562,Abdullahi,SUN,4,4.2,0,0,0,0,0,0,0,0,0,0,0,0,0,0,0.0,0.0,0.0,0.0,0.0,0.0,0.0,0.0,0.5,68486,90706,a,,29,0,0.0,1.0,0,0.0,-22220,0.0,FWD
2024-25,563,Luís Hemir,SUN,4,4.4,0,0,0,0,0,0,0,0,0,0,0,0,0,0,0.0,0.0,0.0,0.0,0.0,0.0,0.0,0.0,0.1,5979,20389,u,has joined Moreirense on loan for the rest of the season.,29,0,0.0,1.0,0,0.0,-14410,0.0,FWD
2024-25,564,Rusyn,SUN,4,4.4,0,0,0,0,0,0,0,0,0,0,0,0,0,0,0.0,0.0,0.0,0.0,0.0,0.0,0.0,0.0,0.1,3530,20193,u,has joined Arka on loan for the rest of the season.,29,0,0.0,1.0,0,0.0,-16663,0.0,FWD
2024-25,668,Xhaka,SUN,3,5.1,94,2091,1,5,7,25,0,0,0,4,0,0,5,455,543.0,444.4,81.0,106.8,1.0,3.8,18.4,0.2,3.4,1367321,1346257,a,,29,23,4.045911047345768,0.41666666666666663,6,18.43137254901961,21064,0.8011494252873563,MID
2024-25,670,Roefs,SUN,1,4.8,110,2520,0,0,8,34,0,1,0,3,0,85,9,474,704.0,40.0,0.0,74.3,1.2,3.9,22.9,0.3,9.5,2167917,1144246,i,Hamstring injury - Expected back 22 Mar,29,28,3.9285714285714284,0.44897959183673475,0,22.916666666666668,1023671,0.9655172413793104,GK
2024-25,678,Masuaku,SUN,2,3.9,1,125,0,0,0,2,0,0,0,1,0,0,0,4,21.8,20.1,7.0,4.9,0.0,0.3,0.3,0.0,0.5,52353,82994,u,has joined RC Lens on loan for the rest of the season.,29,1,0.72,0.7692307692307693,0,0.25641025641025644,-30641,0.04789272030651341,DEF
2024-25,683,Alderete,SUN,2,4.1,100,2173,1,1,8,29,0,0,0,5,0,0,5,335,631.8,118.9,207.0,96.2,3.5,4.0,24.4,0.9,6.6,1602123,925014,a,,29,24,4.1417395306028535,0.9,2,24.390243902439025,677109,0.8325670498084291,DEF
2024-25,694,Mukiele,SUN,2,4.5,115,2163,1,5,7,28,1,0,0,4,0,0,8,397,559.0,278.7,141.0,97.9,0.8,4.6,25.6,0.2,8.7,2465643,1443575,i,Calf injury - Expected back 22 Mar,29,24,4.785020804438281,0.3214285714285714,6,25.555555555555557,1022068,0.828735632183908,DEF
2024-25,724,Geertruida,SUN,2,4.5,41,1231,0,0,2,19,0,0,0,0,0,0,0,172,207.2,106.9,46.0,36.0,1.8,1.8,9.1,0.4,0.1,9691,6650,a,,29,13,2.997562956945573,1.0,0,9.11111111111111,3041,0.47164750957854407,DEF
2024-25,730,Brobbey,SUN,4,5.4,62,1193,5,1,4,17,0,0,0,3,0,0,8,224,236.4,95.8,264.0,58.2,0.8,2.8,11.5,0.1,0.6,335043,264664,d,Lack of match fitness - 75% chance of playing,29,13,4.677284157585918,0.4736842105263158,6,11.481481481481481,70379,0.45708812260536397,FWD
2024-25,735,Traoré,SUN,3,5.5,30,634,1,1,3,9,0,0,0,1,0,0,1,118,115.6,108.4,135.0,35.9,0.5,2.5,5.5,0.1,0.0,13831,13076,i,Knee injury - Expected back 02 May,29,7,4.2586750788643535,0.4285714285714286,2,5.454545454545454,755,0.24291187739463602,MID
2024-25,774,Jenson Jones,SUN,2,4.0,0,0,0,0,0,0,0,0,0,0,0,0,0,0,0.0,0.0,0.0,0.0,0.0,0.0,0.0,0.0,0.0,1546,882,a,,29,0,0.0,1.0,0,0.0,664,0.0,DEF
2024-25,775,Tutierov,SUN,3,4.5,0,0,0,0,0,0,0,0,0,0,0,0,0,0,0.0,0.0,0.0,0.0,0.0,0.0,0.0,0.0,0.0,160,139,u,has joined Exeter City on loan for the rest of the season.,29,0,0.0,1.0,0,0.0,21,0.0,MID
2024-25,800,Jocelin.T,SUN,3,5.0,1,38,0,0,0,0,0,0,0,0,0,0,0,4,3.4,4.3,2.0,1.0,0.2,1.0,0.2,0.0,0.0,142,108,i,Ankle injury - Unknown return date,29,0,2.3684210526315788,0.6,0,0.2,34,0.014559386973180077,MID
2024-25,812,Ellborg,SUN,1,4.0,10,90,0,0,1,0,0,0,0,0,0,4,3,32,25.6,0.0,0.0,2.6,2.5,10.0,2.5,0.6,0.1,11270,487,a,,29,1,10.0,0.31818181818181823,0,2.5,10783,0.034482758620689655,GK
2024-25,813,Angulo,SUN,3,5.0,9,254,0,0,1,4,0,0,0,0,0,0,0,27,36.2,28.3,62.0,12.6,2.0,1.8,1.8,0.4,0.0,931,362,a,,29,2,3.188976377952756,0.9285714285714286,0,1.8,569,0.09731800766283524,MID
2024-25,565,Vicario,TOT,1,4.7,85,2610,0,0,7,46,0,0,0,1,0,76,6,392,651.6,0.1,0.0,65.4,0.7,2.9,18.1,0.1,5.6,1351994,1413872,a,,29,29,2.9310344827586206,0.4358974358974358,0,18.085106382978722,-61878,1.0,GK
2024-25,566,Austin,TOT,1,3.9,0,0,0,0,0,0,0,0,0,0,0,0,0,0,0.0,0.0,0.0,0.0,0.0,0.0,0.0,0.0,0.3,21038,24525,a,,29,0,0.0,1.0,0,0.0,-3487,0.0,GK
2024-25,567,Kinsky,TOT,1,3.9,0,0,0,0,0,0,0,0,0,0,0,0,0,0,0.0,0.0,0.0,0.0,0.0,0.0,0.0,0.0,1.6,126306,176458,a,,29,0,0.0,1.0,0,0.0,-50152,0.0,GK
2024-25,568,Pedro Porro,TOT,2,5.1,80,1983,0,3,7,29,0,0,0,6,0,0,4,348,445.0,554.1,94.0,109.5,0.3,3.2,15.7,0.1,9.2,1475656,3027180,a,,29,22,3.6308623298033282,0.3095238095238094,3,15.686274509803923,-1551524,0.7597701149425288,DEF
2024-25,569,Romero,TOT,2,5.0,89,1710,4,1,5,29,0,0,0,8,2,0,10,288,543.2,110.8,206.0,86.0,0.0,4.2,17.8,0.0,3.1,1018316,1204664,i,Head injury - Expected back 22 Mar,29,19,4.684210526315789,0.1923076923076923,5,17.8,-186348,0.6551724137931034,DEF
2024-25,570,Danso,TOT,2,4.2,31,749,0,0,2,15,0,0,0,4,0,0,1,119,220.8,10.4,33.0,26.5,1.3,2.1,7.4,0.3,0.1,17388,30819,a,,29,8,3.7249666221628837,0.7419354838709677,0,7.3809523809523805,-13431,0.28697318007662836,DEF
2024-25,571,Davies,TOT,2,4.3,10,136,1,0,0,3,0,0,0,1,0,0,1,29,67.4,22.2,52.0,14.2,0.0,3.3,2.3,0.0,0.1,4419,11993,i,Ankle injury - Unknown return date,29,1,6.61764705882353,0.2325581395348837,1,2.3255813953488373,-7574,0.05210727969348659,DEF
2024-25,572,Dragusin,TOT,2,4.5,11,423,0,0,0,12,0,0,0,0,0,0,0,18,99.2,2.7,27.0,12.9,1.7,1.6,2.4,0.4,0.0,3337,2543,a,,29,4,2.3404255319148937,0.9615384615384616,0,2.4444444444444446,794,0.16206896551724137,DEF
2024-25,573,Spence,TOT,2,4.2,55,1686,0,0,7,27,0,0,0,4,0,0,1,209,233.2,190.1,153.0,57.5,0.0,2.5,13.1,0.0,0.9,299518,360950,a,,29,18,2.9359430604982206,0.2857142857142857,0,13.095238095238095,-61432,0.6459770114942529,DEF
2024-25,574,Udogie,TOT,2,4.3,15,794,0,1,0,17,0,0,0,2,0,0,0,62,144.0,122.3,82.0,34.9,0.0,1.2,3.5,0.0,0.3,50399,113614,d,Hamstring injury - 25% chance of playing,29,8,1.700251889168766,0.4545454545454546,1,3.488372093023256,-63215,0.30421455938697317,DEF
2024-25,575,Van de Ven,TOT,2,4.4,97,2366,4,1,7,42,0,0,0,7,1,0,10,338,583.2,80.2,204.0,86.6,-1.0,3.6,22.0,-0.2,20.2,3495757,4247913,s,Suspended until 22 Mar,29,26,3.689771766694844,0.0,5,22.045454545454543,-752156,0.9065134099616858,DEF
2024-25,576,Phillips,TOT,2,4.0,0,0,0,0,0,0,0,0,0,0,0,0,0,0,0.0,0.0,0.0,0.0,0.0,0.0,0.0,0.0,0.0,0,2002,u,Has joined Stoke City on loan for the rest of the season.,29,0,0.0,1.0,0,0.0,-2002,0.0,DEF
2024-25,577,Takai,TOT,2,4.0,0,0,0,0,0,0,0,0,0,0,0,0,0,0,0.0,0.0,0.0,0.0,0.0,0.0,0.0,0.0,0.0,1005,9048,u,has joined Borussia Mönchengladbach on loan for the rest of the season.,29,0,0.0,1.0,0,0.0,-8043,0.0,DEF
2024-25,578,Vuskovic,TOT,2,3.9,0,0,0,0,0,0,0,0,0,0,0,0,0,0,0.0,0.0,0.0,0.0,0.0,0.0,0.0,0.0,0.3,7334,92032,u,has joined Hamburger SV on loan for the rest of the season.,29,0,0.0,1.0,0,0.0,-84698,0.0,DEF
2024-25,579,Son,TOT,3,8.5,0,0,0,0,0,0,0,0,0,0,0,0,0,0,0.0,0.0,0.0,0.0,0.0,0.0,0.0,0.0,0.1,0,25556,u,has joined Los Angeles FC permanently.,29,0,0.0,1.0,0,0.0,-25556,0.0,MID
2024-25,581,Maddison,TOT,3,6.8,0,0,0,0,0,0,0,0,0,0,0,0,0,0,0.0,0.0,0.0,0.0,0.0,0.0,0.0,0.0,0.1,1786,23832,i,Anterior cruciate ligament - Unknown return date,29,0,0.0,1.0,0,0.0,-22046,0.0,MID
2024-25,582,Kudus,TOT,3,6.4,75,1535,2,6,7,20,0,0,0,3,0,0,7,257,333.4,413.8,302.0,104.7,0.0,3.9,11.7,0.0,9.4,3263330,5206141,i,Thigh injury - Expected back 11 Apr,29,17,4.397394136807818,0.20408163265306134,8,11.71875,-1942811,0.5881226053639846,MID
2024-25,583,Kulusevski,TOT,3,6.4,0,0,0,0,0,0,0,0,0,0,0,0,0,0,0.0,0.0,0.0,0.0,0.0,0.0,0.0,0.0,0.0,1022,2104,i,Knee injury - Unknown return date,29,0,0.0,1.0,0,0.0,-1082,0.0,MID
2024-25,584,Tel,TOT,3,6.2,52,751,3,1,1,16,0,0,0,0,0,0,5,167,170.4,223.9,226.0,62.3,1.3,2.4,8.4,0.2,0.1,40467,46462,a,,29,8,6.231691078561917,0.6764705882352942,4,8.387096774193548,-5995,0.2877394636015326,MID
2024-25,585,Bentancur,TOT,3,5.2,64,1407,1,1,5,21,0,0,0,5,0,0,3,269,268.6,159.7,85.0,51.6,0.0,3.2,12.3,0.0,0.2,56901,66619,i,Hamstring injury - Unknown return date,29,15,4.093816631130064,0.23809523809523814,2,12.307692307692307,-9718,0.539080459770115,MID
2024-25,586,Bergvall,TOT,3,5.2,39,799,1,2,3,13,0,0,0,2,0,0,0,139,137.4,81.4,133.0,35.3,0.0,2.3,7.5,0.0,0.2,102345,111324,i,Ankle injury - Unknown return date,29,8,4.392991239048811,0.3030303030303031,3,7.5,-8979,0.3061302681992337,MID
2024-25,587,Bissouma,TOT,3,5.2,13,460,0,0,0,15,0,0,0,3,0,0,0,88,83.8,18.9,23.0,12.6,1.7,1.6,2.5,0.3,0.0,3297,14716,i,Muscle injury - Unknown return date,29,5,2.5434782608695654,0.9615384615384616,0,2.5,-11419,0.17624521072796934,MID
2024-25,588,Odobert,TOT,3,5.3,46,972,0,2,2,13,0,0,0,0,0,0,6,176,158.8,284.3,234.0,67.6,0.0,1.9,8.7,0.0,0.0,16369,17938,i,Knee injury - Unknown return date,29,10,4.2592592592592595,0.3448275862068966,2,8.679245283018869,-1569,0.3724137931034483,MID
2024-25,589,Solomon,TOT,3,5.4,0,0,0,0,0,0,0,0,0,0,0,0,0,0,0.0,0.0,0.0,0.0,0.0,0.0,0.0,0.0,0.0,115,1477,u,has joined Fiorentina on loan for the rest of the season.,29,0,0.0,1.0,0,0.0,-1362,0.0,MID
2024-25,590,Bryan,TOT,3,4.9,0,0,0,0,0,0,0,0,0,0,0,0,0,0,0.0,0.0,0.0,0.0,0.0,0.0,0.0,0.0,0.0,675,4488,u,has joined Girona permanently.,29,0,0.0,1.0,0,0.0,-3813,0.0,MID
2024-25,591,Gray,TOT,3,4.8,53,1197,2,2,5,23,0,0,0,5,0,0,6,204,233.4,110.9,134.0,47.8,3.7,2.8,11.0,0.8,0.2,21299,23963,a,,29,13,3.9849624060150375,0.763157894736842,4,11.041666666666668,-2664,0.4586206896551724,MID
2024-25,592,Moore,TOT,3,5.0,0,0,0,0,0,0,0,0,0,0,0,0,0,0,0.0,0.0,0.0,0.0,0.0,0.0,0.0,0.0,0.0,0,687,u,Has joined Rangers on loan for the rest of the season.,29,0,0.0,1.0,0,0.0,-687,0.0,MID
2024-25,593,P.M.Sarr,TOT,3,4.5,59,1140,2,3,3,18,0,0,0,2,0,0,2,250,280.6,115.2,142.0,54.0,2.0,3.0,13.1,0.4,1.1,392594,575027,a,,29,12,4.657894736842105,0.75,5,13.11111111111111,-182433,0.4367816091954023,MID
2024-25,594,Min-hyeok,TOT,3,4.5,0,0,0,0,0,0,0,0,0,0,0,0,0,0,0.0,0.0,0.0,0.0,0.0,0.0,0.0,0.0,0.0,0,2823,u,has joined Coventry City on loan for the rest of the season.,29,0,0.0,1.0,0,0.0,-2823,0.0,MID
2024-25,595,Olusesi,TOT,3,4.3,0,0,0,0,0,0,0,0,0,0,0,0,0,0,0.0,0.0,0.0,0.0,0.0,0.0,0.0,0.0,0.2,24682,30264,a,,29,0,0.0,1.0,0,0.0,-5582,0.0,MID
2024-25,596,Solanke,TOT,4,7.2,31,598,3,0,0,14,0,0,0,1,0,0,4,142,158.8,62.2,212.0,43.2,3.3,3.1,4.3,0.5,1.2,137564,518014,a,,29,6,4.665551839464883,0.951219512195122,3,4.305555555555555,-380450,0.22911877394636015,FWD
2024-25,597,Richarlison,TOT,4,6.3,82,1346,8,3,5,20,0,0,0,5,0,0,10,373,423.2,173.0,533.0,112.7,2.3,3.4,13.0,0.4,5.4,2956356,3048243,a,,29,14,5.482912332838039,0.75,11,13.015873015873016,-91887,0.5157088122605364,FWD
2024-25,598,Lankshear,TOT,4,4.5,0,0,0,0,0,0,0,0,0,0,0,0,0,0,0.0,0.0,0.0,0.0,0.0,0.0,0.0,0.0,0.0,0,5113,u,has joined Oxford United on loan for the rest of the season.,29,0,0.0,1.0,0,0.0,-5113,0.0,FWD
2024-25,599,Scarlett,TOT,4,4.3,2,7,0,0,0,0,0,0,0,0,0,0,0,5,1.0,4.1,2.0,0.7,0.0,1.0,0.5,0.0,0.5,60820,110027,u,has joined Hibernian on loan for the rest of the season.,29,0,25.71428571428571,0.5,0,0.46511627906976744,-49207,0.0026819923371647508,FWD
2024-25,673,J.Palhinha,TOT,3,5.5,94,1774,3,3,4,32,0,0,0,6,0,0,11,398,495.0,115.6,170.0,78.3,3.3,3.6,17.1,0.6,0.8,369361,361605,i,Head injury - Expected back 22 Mar,29,19,4.768883878241263,0.9347826086956521,6,17.09090909090909,7756,0.6796934865900384,MID
2024-25,717,Xavi,TOT,3,6.5,63,1533,1,4,3,33,0,0,0,4,1,0,5,281,279.4,462.7,202.0,94.5,1.3,2.7,9.7,0.2,1.1,814653,742183,a,,29,17,3.698630136986301,0.6216216216216216,5,9.692307692307692,72470,0.5873563218390805,MID
2024-25,726,Kolo Muani,TOT,4,6.9,37,1185,1,0,3,25,0,0,0,2,0,0,1,107,124.4,197.5,200.0,51.5,3.0,1.8,5.4,0.4,0.4,126645,116154,a,,29,13,2.810126582278481,0.5714285714285714,1,5.36231884057971,10491,0.4540229885057471,FWD
2024-25,745,Byfield,TOT,2,4.0,1,1,0,0,0,0,0,0,0,0,0,0,0,3,0.4,0.5,0.0,0.1,0.0,1.0,0.2,0.0,0.0,2028,1968,a,,29,0,90.0,0.5,0,0.25,60,0.0003831417624521073,DEF
2024-25,750,Rowswell,TOT,2,4.0,0,0,0,0,0,0,0,0,0,0,0,0,0,0,0.0,0.0,0.0,0.0,0.0,0.0,0.0,0.0,0.0,1831,1582,a,,29,0,0.0,1.0,0,0.0,249,0.0,DEF
2024-25,751,Akhamrich,TOT,3,4.5,0,0,0,0,0,0,0,0,0,0,0,0,0,0,0.0,0.0,0.0,0.0,0.0,0.0,0.0,0.0,0.0,675,629,u,has joined Bristol Rovers on loan for the rest of the season.,29,0,0.0,1.0,0,0.0,46,0.0,MID
2024-25,790,Williams-Barnett,TOT,3,4.5,0,0,0,0,0,0,0,0,0,0,0,0,0,0,0.0,0.0,0.0,0.0,0.0,0.0,0.0,0.0,0.0,720,348,a,,29,0,0.0,1.0,0,0.0,372,0.0,MID
2024-25,796,Gallagher,TOT,3,5.2,19,577,0,1,0,16,0,0,0,0,0,0,0,96,85.8,107.2,86.0,27.9,1.3,2.4,3.7,0.2,0.1,36415,22667,d,Illness - 75% chance of playing,29,6,2.9636048526863084,0.6764705882352942,1,3.6538461538461537,13748,0.2210727969348659,MID
2024-25,804,Souza,TOT,2,4.0,2,87,0,0,0,2,0,0,0,1,0,0,0,-1,8.6,31.6,8.0,4.8,0.3,0.7,0.5,0.1,0.0,2057,813,a,,29,0,2.0689655172413794,0.7647058823529411,0,0.5,1244,0.03333333333333333,DEF
2024-25,811,Kyerematen,TOT,3,4.5,0,0,0,0,0,0,0,0,0,0,0,0,0,0,0.0,0.0,0.0,0.0,0.0,0.0,0.0,0.0,0.0,341,145,a,,29,0,0.0,1.0,0,0.0,196,0.0,MID
2024-25,818,Wilson,TOT,4,4.5,0,0,0,0,0,0,0,0,0,0,0,0,0,0,0.0,0.0,0.0,0.0,0.0,0.0,0.0,0.0,0.0,2080,612,a,,29,0,0.0,1.0,0,0.0,1468,0.0,FWD
2024-25,326,Adama,WHU,3,5.1,21,288,0,0,0,10,0,0,0,1,0,0,0,65,21.8,63.8,62.0,14.4,0.7,1.1,4.1,0.1,0.2,16543,36928,d,Knock - 75% chance of playing,29,3,6.5625,0.8095238095238095,0,4.11764705882353,-20385,0.1103448275862069,MID
2024-25,600,Areola,WHU,1,4.3,51,1800,0,1,0,37,0,0,0,0,0,77,2,220,570.4,10.0,0.0,57.9,0.0,2.5,11.9,0.0,2.0,182809,452066,a,,29,20,2.55,0.2857142857142857,1,11.86046511627907,-269257,0.6896551724137931,GK
2024-25,601,Foderingham,WHU,1,4.0,0,0,0,0,0,0,0,0,0,0,0,0,0,0,0.0,0.0,0.0,0.0,0.0,0.0,0.0,0.0,0.2,3874,42681,u,has joined Aris Limassol permanently.,29,0,0.0,1.0,0,0.0,-38807,0.0,GK
2024-25,602,Hegyi,WHU,1,3.9,0,0,0,0,0,0,0,0,0,0,0,0,0,0,0.0,0.0,0.0,0.0,0.0,0.0,0.0,0.0,0.2,11331,19924,u,has joined MTK Budapest on loan for the rest of the season.,29,0,0.0,1.0,0,0.0,-8593,0.0,GK
2024-25,603,Diouf,WHU,2,4.0,79,1913,0,6,6,37,0,0,0,4,0,0,3,247,415.4,247.1,83.0,74.7,6.0,3.4,19.8,1.5,2.2,366838,895079,a,,29,21,3.7166753789858857,0.40909090909090917,6,19.75,-528241,0.7329501915708813,DEF
2024-25,604,Emerson,WHU,2,4.4,0,0,0,0,0,0,0,0,0,0,0,0,0,0,0.0,0.0,0.0,0.0,0.0,0.0,0.0,0.0,0.1,1719,20790,u,has joined Marseille permanently.,29,0,0.0,1.0,0,0.0,-19071,0.0,DEF
2024-25,605,Kilman,WHU,2,4.1,36,1559,0,0,1,37,0,0,0,4,0,0,0,80,392.4,55.8,60.0,50.9,0.0,1.7,8.8,0.0,0.1,30146,50389,a,,29,17,2.0782552918537522,0.37037037037037046,0,8.78048780487805,-20243,0.5973180076628353,DEF
2024-25,606,Mavropanos,WHU,2,4.4,62,1722,0,0,3,33,1,0,0,2,0,0,0,182,432.4,25.2,155.0,61.2,3.0,2.8,14.1,0.7,0.1,20029,20233,a,,29,19,3.240418118466899,0.9473684210526315,0,14.09090909090909,-204,0.6597701149425287,DEF
2024-25,607,N.Aguerd,WHU,2,4.4,3,180,0,0,0,8,0,0,0,0,0,0,0,-1,39.0,3.9,8.0,5.1,0.0,1.5,0.7,0.0,0.0,1288,12326,u,has joined Marseille permanently.,29,2,1.5,0.4,0,0.6818181818181818,-11038,0.06896551724137931,DEF
2024-25,608,Scarles,WHU,2,4.3,21,654,0,1,0,16,0,0,0,1,0,0,0,86,138.2,71.7,22.0,23.2,0.0,1.8,4.9,0.0,0.0,4970,6899,d,Knock - 75% chance of playing,29,7,2.889908256880734,0.3571428571428571,1,4.883720930232558,-1929,0.25057471264367814,DEF
2024-25,609,Todibo,WHU,2,4.3,40,1611,0,1,1,33,0,0,0,4,1,0,1,144,351.6,64.7,24.0,44.1,3.0,2.1,9.3,0.7,0.1,12064,19804,a,,29,17,2.23463687150838,0.7096774193548387,1,9.30232558139535,-7740,0.6172413793103448,DEF
2024-25,610,Wan-Bissaka,WHU,2,4.1,61,1731,0,3,3,36,0,0,0,3,0,0,0,193,389.6,288.0,28.0,70.9,4.3,3.0,14.9,1.0,4.6,266347,2307498,a,,29,19,3.17157712305026,0.675,3,14.878048780487806,-2041151,0.6632183908045977,DEF
2024-25,611,Casey,WHU,2,4.0,0,0,0,0,0,0,0,0,0,0,0,0,0,0,0.0,0.0,0.0,0.0,0.0,0.0,0.0,0.0,0.1,0,13258,u,has joined Leyton Orient on loan for the rest of the season.,29,0,0.0,1.0,0,0.0,-13258,0.0,DEF
2024-25,612,L.Paquetá,WHU,3,5.9,69,1513,4,2,3,33,0,0,0,5,1,0,8,291,374.6,397.2,186.0,95.7,0.0,3.8,11.7,0.0,1.1,897173,974364,u,has joined Flamengo permanently.,29,16,4.104428288169201,0.20833333333333337,6,11.694915254237287,-77191,0.5796934865900383,MID
2024-25,613,Souček,WHU,3,5.7,73,1416,4,2,4,33,0,0,0,2,1,0,6,285,362.0,138.8,339.0,84.1,4.0,2.8,12.8,0.7,0.3,41882,110053,a,,29,15,4.639830508474576,0.6842105263157894,6,12.807017543859649,-68171,0.542528735632184,MID
2024-25,615,Summerville,WHU,3,5.7,92,1856,5,3,5,34,0,0,0,4,0,0,10,337,371.0,331.2,472.0,117.4,5.0,3.8,16.1,0.9,2.7,552011,208988,i,Calf injury - Unknown return date,29,20,4.461206896551724,0.75,8,16.140350877192983,343023,0.7111111111111111,MID
2024-25,616,Álvarez,WHU,3,4.9,0,0,0,0,0,0,0,0,0,0,0,0,0,0,0.0,0.0,0.0,0.0,0.0,0.0,0.0,0.0,0.0,1147,16102,u,Has joined Fenerbahçe on loan for the rest of the season.,29,0,0.0,1.0,0,0.0,-14955,0.0,MID
2024-25,617,Cornet,WHU,3,4.9,0,0,0,0,0,0,0,0,0,0,0,0,0,0,0.0,0.0,0.0,0.0,0.0,0.0,0.0,0.0,0.0,246,3222,u,has joined Genoa on loan for the rest of the season.,29,0,0.0,1.0,0,0.0,-2976,0.0,MID
2024-25,618,G.Rodriguez,WHU,3,4.8,8,175,0,0,1,2,0,0,0,1,0,0,0,30,9.8,6.0,2.0,1.7,0.0,1.3,1.7,0.0,0.0,2295,6154,u,has joined Valencia on loan for the rest of the season.,29,1,4.114285714285714,0.4347826086956521,0,1.6666666666666667,-3859,0.06704980842911877,MID
2024-25,619,L.Guilherme,WHU,3,4.9,5,121,0,0,0,2,0,0,0,0,0,0,0,11,9.2,14.5,4.0,2.5,0.0,1.0,1.0,0.0,0.0,868,3395,u,has joined Sporting CP permanently.,29,1,3.71900826446281,0.5,0,1.0204081632653061,-2527,0.04636015325670498,MID
2024-25,620,Earthy,WHU,3,4.5,1,8,0,0,0,1,0,0,0,0,0,0,0,3,0.0,1.5,2.0,0.4,0.0,1.0,0.2,0.0,0.0,3770,9526,u,has joined Bristol City on loan for the rest of the season.,29,0,11.25,0.5,0,0.2222222222222222,-5756,0.0030651340996168583,MID
2024-25,621,Irving,WHU,3,4.3,9,156,0,0,0,4,0,0,0,0,0,0,0,49,31.6,52.3,2.0,8.6,0.0,1.3,2.1,0.0,0.2,43311,55380,u,has joined Sparta Prague permanently.,29,1,5.1923076923076925,0.4347826086956521,0,2.0930232558139537,-12069,0.059770114942528735,MID
2024-25,622,Orford,WHU,3,4.4,0,0,0,0,0,0,0,0,0,0,0,0,0,0,0.0,0.0,0.0,0.0,0.0,0.0,0.0,0.0,0.1,1052,11951,u,has joined Stevenage on loan for the rest of the season.,29,0,0.0,1.0,0,0.0,-10899,0.0,MID
2024-25,623,Potts,WHU,3,4.4,34,1094,0,1,1,23,0,0,0,1,0,0,0,206,179.6,129.9,37.0,34.7,0.0,1.8,7.7,0.0,0.6,143591,162271,a,,29,12,2.797074954296161,0.3571428571428571,1,7.727272727272727,-18680,0.4191570881226054,MID
2024-25,624,Bowen,WHU,4,7.5,135,2599,8,6,5,52,0,0,0,4,0,0,21,529,639.2,473.8,685.0,179.7,5.0,4.7,18.0,0.7,7.6,2333780,3245443,a,,29,28,4.674874951904578,0.9473684210526316,14,18.0,-911663,0.9957854406130269,FWD
2024-25,625,Füllkrug,WHU,4,5.6,12,407,0,0,1,11,0,0,0,0,0,0,0,28,26.0,85.1,130.0,23.8,0.0,1.5,2.1,0.0,0.6,47611,392641,u,has joined AC Milan on loan for the rest of the season.,29,4,2.6535626535626538,0.4,0,2.142857142857143,-345030,0.15593869731800766,FWD
2024-25,626,Marshall,WHU,4,4.3,2,58,0,0,0,2,0,0,0,0,0,0,0,0,1.2,0.1,7.0,0.8,0.0,1.0,0.5,0.0,0.5,63604,106212,u,has joined VfL Bochum 1848 on loan for the rest of the season.,29,0,3.103448275862069,0.5,0,0.46511627906976744,-42608,0.022222222222222223,FWD
2024-25,659,Walker-Peters,WHU,2,4.2,32,954,1,0,1,22,0,0,0,2,0,0,0,118,203.2,88.2,98.0,39.0,0.0,1.8,7.6,0.0,0.2,30974,53409,a,,29,10,3.018867924528302,0.3571428571428571,1,7.619047619047619,-22435,0.36551724137931035,DEF
2024-25,671,Wilson,WHU,4,5.8,64,992,5,2,1,18,0,0,0,0,0,0,7,224,226.8,93.6,396.0,70.5,0.7,2.7,11.0,0.1,0.5,204351,216242,a,,29,11,5.806451612903226,0.45945945945945954,7,11.03448275862069,-11891,0.3800766283524904,FWD
2024-25,679,Hermansen,WHU,1,4.2,40,810,0,0,4,17,0,0,0,0,0,28,8,138,212.2,0.0,0.0,21.2,6.3,4.4,9.5,1.5,0.4,41120,42476,a,,29,9,4.444444444444445,0.6481481481481483,0,9.523809523809524,-1356,0.3103448275862069,GK
2024-25,708,M.Fernandes,WHU,3,5.5,104,2213,3,3,5,39,0,0,0,5,0,0,6,508,517.0,470.7,105.0,109.4,3.0,3.9,18.9,0.5,0.4,109270,65913,a,,29,24,4.229552643470402,0.8163265306122449,6,18.90909090909091,43357,0.8478927203065134,MID
2024-25,718,S.Magassa,WHU,3,5.0,39,931,1,0,2,23,0,0,0,3,0,0,2,177,174.4,82.7,44.0,30.1,1.7,2.2,7.8,0.3,0.0,5340,4778,a,,29,10,3.7701396348012888,0.84375,1,7.8,562,0.35670498084291186,MID
2024-25,738,Fabianski,WHU,1,4.5,0,0,0,0,0,0,0,0,0,0,0,0,0,0,0.0,0.0,0.0,0.0,0.0,0.0,0.0,0.0,0.0,6010,5762,d,Back injury - 25% chance of playing,29,0,0.0,1.0,0,0.0,248,0.0,GK
2024-25,747,Mayers,WHU,2,4.0,6,113,0,0,0,3,0,0,0,0,0,0,0,18,21.8,34.9,9.0,6.6,0.3,1.0,1.5,0.1,0.0,2565,2116,a,,29,1,4.778761061946903,0.65,0,1.5,449,0.043295019157088124,DEF
2024-25,752,Golambeckis,WHU,2,4.0,0,0,0,0,0,0,0,0,0,0,0,0,0,0,0.0,0.0,0.0,0.0,0.0,0.0,0.0,0.0,0.0,2130,1914,a,,29,0,0.0,1.0,0,0.0,216,0.0,DEF
2024-25,758,Mohamadou Kanté,WHU,3,4.5,5,24,0,0,0,0,0,0,0,1,0,0,0,19,10.4,12.0,4.0,2.4,0.7,0.8,1.1,0.2,0.0,1846,1158,a,,29,0,18.75,0.9444444444444444,0,1.1111111111111112,688,0.009195402298850575,MID
2024-25,785,Pablo,WHU,4,5.4,8,250,0,0,0,4,0,0,0,0,0,0,0,21,19.6,53.4,21.0,9.4,0.0,1.6,1.5,0.0,0.0,4569,3941,a,,29,2,2.88,0.3846153846153846,0,1.4814814814814814,628,0.09578544061302682,FWD
2024-25,791,Taty,WHU,4,5.5,28,742,2,1,4,11,0,0,0,2,0,0,1,104,115.8,118.4,251.0,47.5,3.7,3.1,5.1,0.7,0.1,30489,16462,a,,29,8,3.3962264150943393,0.8536585365853658,3,5.090909090909091,14027,0.2842911877394636,FWD
2024-25,802,Lamadrid,WHU,3,5.0,0,0,0,0,0,0,0,0,0,0,0,0,0,0,0.0,0.0,0.0,0.0,0.0,0.0,0.0,0.0,0.0,421,311,a,,29,0,0.0,1.0,0,0.0,110,0.0,MID
2024-25,815,Disasi,WHU,2,4.5,18,450,0,0,3,6,1,0,0,0,0,0,0,76,79.0,12.9,53.0,14.5,3.3,3.6,4.0,0.7,0.1,15392,4808,a,,29,5,3.6,0.9347826086956521,0,4.0,10584,0.1724137931034483,DEF
2024-25,627,Johnstone,WOL,1,4.4,21,1080,0,0,0,24,1,0,0,0,0,39,0,117,308.0,0.1,0.0,30.8,0.0,1.8,4.8,0.0,0.1,20302,24550,a,,29,12,1.75,0.3571428571428571,0,4.7727272727272725,-4248,0.41379310344827586,GK
2024-25,628,José Sá,WOL,1,4.2,56,1620,0,0,4,28,0,0,0,1,0,49,6,249,400.8,10.0,0.0,41.4,5.2,3.1,13.3,1.2,1.3,110632,183809,d,Ankle injury - 75% chance of playing,29,18,3.1111111111111107,0.4878048780487805,0,13.333333333333332,-73177,0.6206896551724138,GK
2024-25,629,Bentley,WOL,1,3.9,0,0,0,0,0,0,0,0,0,0,0,0,0,0,0.0,0.0,0.0,0.0,0.0,0.0,0.0,0.0,0.5,19936,51718,a,,29,0,0.0,1.0,0,0.0,-31782,0.0,GK
2024-25,631,Agbadou,WOL,2,4.2,23,1100,0,0,0,29,0,0,0,1,1,0,0,86,312.2,76.0,75.0,46.4,0.0,1.6,5.5,0.0,0.1,24605,63364,u,has joined Besiktas permanently.,29,12,1.8818181818181818,0.3846153846153846,0,5.476190476190476,-38759,0.421455938697318,DEF
2024-25,632,Doherty,WOL,2,4.4,12,702,0,0,1,14,0,0,0,4,0,0,0,47,116.2,50.8,18.0,18.6,0.2,1.2,2.7,0.0,0.1,6566,20550,a,,29,7,1.5384615384615385,0.5454545454545454,0,2.727272727272727,-13984,0.2689655172413793,DEF
2024-25,633,H.Bueno,WOL,2,4.3,72,1856,1,2,4,31,0,0,0,1,0,0,4,284,451.4,510.9,134.0,109.9,3.8,2.7,16.7,0.9,0.2,52673,36314,a,,29,20,3.491379310344828,0.7027027027027029,3,16.74418604651163,16359,0.7111111111111111,DEF
2024-25,634,Mosquera,WOL,2,4.3,50,1617,0,0,4,29,2,0,0,10,0,0,3,190,325.8,114.1,207.0,64.7,4.6,2.4,11.6,1.1,0.1,18236,12851,a,,29,17,2.782931354359926,0.3529411764705883,0,11.627906976744187,5385,0.6195402298850575,DEF
2024-25,635,R.Gomes,WOL,2,4.4,34,596,3,0,0,11,0,0,0,0,0,0,0,85,169.2,62.9,176.0,41.0,3.2,2.4,7.7,0.7,0.1,12225,15181,a,,29,6,5.134228187919463,0.7647058823529411,3,7.727272727272727,-2956,0.22835249042145594,DEF
2024-25,636,S.Bueno,WOL,2,4.4,71,1832,2,2,4,31,0,0,0,4,0,0,2,255,428.0,98.1,149.0,67.4,3.6,3.4,16.1,0.8,0.1,30610,24820,a,,29,20,3.4879912663755457,0.9545454545454545,4,16.136363636363637,5790,0.7019157088122605,DEF
2024-25,637,Toti,WOL,2,4.2,28,1039,0,0,1,25,0,0,0,1,1,0,0,102,240.4,78.2,34.0,35.3,1.6,2.0,6.7,0.4,0.1,7560,19687,a,,29,11,2.4254090471607315,0.8666666666666667,0,6.666666666666666,-12127,0.39808429118773947,DEF
2024-25,638,Hoever,WOL,2,3.8,10,423,0,0,0,13,0,0,0,0,0,0,0,38,101.4,87.8,13.0,20.3,0.0,1.2,2.6,0.0,0.9,121813,261807,u,has joined Sheffield United on loan for the rest of the season.,29,4,2.127659574468085,0.4545454545454546,0,2.6315789473684212,-139994,0.16206896551724137,DEF
2024-25,639,Meupiyou,WOL,2,4.0,0,0,0,0,0,0,0,0,0,0,0,0,0,0,0.0,0.0,0.0,0.0,0.0,0.0,0.0,0.0,0.0,0,879,u,On loan to FC Alverca,29,0,0.0,1.0,0,0.0,-879,0.0,DEF
2024-25,640,Pedro Lima,WOL,2,4.0,3,3,0,0,0,1,0,0,0,0,0,0,0,5,0.2,0.5,2.0,0.2,0.0,1.0,0.8,0.0,0.4,10086,89489,a,,29,0,90.0,0.5,0,0.75,-79403,0.0011494252873563218,DEF
2024-25,641,Pond,WOL,2,3.9,0,0,0,0,0,0,0,0,0,0,0,0,0,0,0.0,0.0,0.0,0.0,0.0,0.0,0.0,0.0,1.0,85684,147934,u,has joined Crewe Alexandra on loan for the rest of the season.,29,0,0.0,1.0,0,0.0,-62250,0.0,DEF
2024-25,642,Hee Chan,WOL,3,5.6,44,1144,2,1,2,22,0,0,0,3,0,0,0,125,132.2,152.8,145.0,42.4,0.0,2.2,7.9,0.0,0.1,49030,59373,a,,29,12,3.4615384615384617,0.3125,3,7.857142857142858,-10343,0.43831417624521074,MID
2024-25,643,André,WOL,3,5.2,75,2040,1,0,2,37,0,0,0,9,0,0,4,360,326.4,228.9,28.0,58.3,4.4,2.8,14.4,0.8,0.1,16910,17981,a,,29,22,3.308823529411765,0.5789473684210524,1,14.423076923076923,-1071,0.7816091954022989,MID
2024-25,644,Bellegarde,WOL,3,5.1,34,1006,1,0,3,24,0,0,0,4,0,0,0,162,152.4,154.2,138.0,44.1,1.4,1.6,6.7,0.3,0.0,5678,11763,a,,29,11,3.0417495029821073,0.923076923076923,1,6.666666666666667,-6085,0.3854406130268199,MID
2024-25,645,Fer López,WOL,3,5.1,12,228,0,1,0,9,0,0,0,1,0,0,0,38,29.0,61.0,37.0,12.4,0.0,1.3,2.4,0.0,0.0,1383,4934,u,has joined Celta Vigo on loan for the rest of the season.,29,2,4.7368421052631575,0.4347826086956521,1,2.3529411764705883,-3551,0.08735632183908046,MID
2024-25,646,J.Gomes,WOL,3,5.3,85,2207,1,1,4,41,0,0,0,9,0,0,4,421,385.0,286.9,150.0,82.7,4.6,3.0,16.0,0.9,0.3,68567,46688,a,,29,24,3.466243769823289,0.6000000000000001,2,16.037735849056606,21879,0.8455938697318007,MID
2024-25,647,Guedes,WOL,3,5.5,0,0,0,0,0,0,0,0,0,0,0,0,0,0,0.0,0.0,0.0,0.0,0.0,0.0,0.0,0.0,0.0,0,796,u,Has joined Real Sociedad permanently.,29,0,0.0,1.0,0,0.0,-796,0.0,MID
2024-25,648,Munetsi,WOL,3,5.3,38,872,1,2,0,19,0,0,0,2,0,0,1,131,163.6,61.8,196.0,42.1,0.0,2.9,7.2,0.0,0.0,19177,23115,u,has joined Paris FC on loan for the rest of the season.,29,9,3.9220183486238533,0.2564102564102564,3,7.169811320754717,-3938,0.3340996168582375,MID
2024-25,649,B.Traore,WOL,3,5.0,0,0,0,0,0,0,0,0,0,0,0,0,0,0,0.0,0.0,0.0,0.0,0.0,0.0,0.0,0.0,0.0,0,162,u,Has joined FC Metz on loan for the rest of the season.,29,0,0.0,1.0,0,0.0,-162,0.0,MID
2024-25,650,Chirewa,WOL,3,4.3,2,25,0,0,0,0,0,0,0,0,0,0,0,4,3.2,0.3,0.0,0.4,0.0,1.0,0.5,0.0,0.2,30885,48324,u,has joined Barnsley on loan for the rest of the season.,29,0,7.2,0.5,0,0.46511627906976744,-17439,0.009578544061302681,MID
2024-25,651,Edozie,WOL,3,4.3,6,6,1,0,0,0,0,0,0,0,0,0,0,22,34.4,0.1,17.0,5.2,1.2,6.0,1.4,0.3,0.4,66030,67513,a,,29,0,90.0,0.3142857142857143,1,1.3953488372093024,-1483,0.0022988505747126436,MID
2024-25,652,Gonzalez,WOL,3,4.3,0,0,0,0,0,0,0,0,0,0,0,0,0,0,0.0,0.0,0.0,0.0,0.0,0.0,0.0,0.0,1.3,198409,242809,a,,29,0,0.0,1.0,0,0.0,-44400,0.0,MID
2024-25,653,Hodge,WOL,3,4.5,0,0,0,0,0,0,0,0,0,0,0,0,0,0,0.0,0.0,0.0,0.0,0.0,0.0,0.0,0.0,0.0,0,5775,u,Signed by CD Tondela,29,0,0.0,1.0,0,0.0,-5775,0.0,MID
2024-25,655,Fábio Silva,WOL,4,4.9,0,0,0,0,0,0,0,0,0,0,0,0,0,0,0.0,0.0,0.0,0.0,0.0,0.0,0.0,0.0,0.2,7178,55365,u,has joined Borussia Dortmund permanently.,29,0,0.0,1.0,0,0.0,-48187,0.0,FWD
2024-25,656,Kalajdžić,WOL,4,4.9,1,14,0,0,0,0,0,0,0,0,0,0,0,1,1.0,4.3,2.0,0.7,0.0,1.0,0.2,0.0,0.0,1691,10141,u,has joined LASK on loan for the rest of the season.,29,0,6.428571428571428,0.5,0,0.2040816326530612,-8450,0.0053639846743295016,FWD
2024-25,657,Chiwome,WOL,4,4.4,0,0,0,0,0,0,0,0,0,0,0,0,0,0,0.0,0.0,0.0,0.0,0.0,0.0,0.0,0.0,0.0,5173,7461,a,,29,0,0.0,1.0,0,0.0,-2288,0.0,FWD
2024-25,658,Fraser,WOL,4,4.2,0,0,0,0,0,0,0,0,0,0,0,0,0,0,0.0,0.0,0.0,0.0,0.0,0.0,0.0,0.0,1.9,276781,361595,a,,29,0,0.0,1.0,0,0.0,-84814,0.0,FWD
2024-25,663,J.Arias,WOL,3,4.9,45,1117,1,0,2,21,0,0,0,1,0,0,2,175,171.0,204.0,148.0,52.1,0.0,2.0,9.2,0.0,0.1,20148,82014,u,has joined Palmeiras permanently.,29,12,3.6257833482542527,0.33333333333333337,1,9.183673469387754,-61866,0.4279693486590038,MID
2024-25,682,Møller Wolfe,WOL,2,4.2,29,839,0,2,1,20,0,0,0,1,0,0,0,69,142.0,110.8,46.0,30.0,1.6,1.6,6.9,0.4,0.1,4782,9347,a,,29,9,3.1108462455303934,1.0,2,6.904761904761904,-4565,0.32145593869731803,DEF
2024-25,695,Tchatchoua,WOL,2,4.4,50,1605,0,1,3,29,0,0,0,3,0,0,0,152,287.8,278.5,42.0,60.9,2.8,1.9,11.4,0.6,0.0,6311,5883,a,,29,17,2.803738317757009,0.6896551724137931,1,11.363636363636363,428,0.6149425287356322,DEF
2024-25,709,Krejčí,WOL,2,4.5,59,1947,2,1,3,36,1,0,0,2,1,0,0,201,447.4,115.0,206.0,77.1,2.4,2.6,13.1,0.5,0.1,24565,19894,a,,29,21,2.7272727272727275,0.9444444444444444,3,13.11111111111111,4671,0.7459770114942529,DEF
2024-25,720,Tolu,WOL,4,5.4,54,1215,2,2,3,25,0,0,1,1,0,0,4,173,188.8,160.8,434.0,77.6,1.8,2.1,10.0,0.3,0.2,63005,46121,a,,29,13,4.0,0.9032258064516129,4,10.0,16884,0.46551724137931033,FWD
2024-25,749,Mané,WOL,4,4.5,52,1235,2,2,5,18,0,0,0,0,0,0,6,207,216.4,223.4,198.0,63.5,2.0,2.7,11.6,0.4,2.1,542850,282118,a,,29,13,3.789473684210526,0.8108108108108107,4,11.555555555555555,260732,0.4731800766283525,FWD
2024-25,766,Olagunju,WOL,2,4.0,0,0,0,0,0,0,0,0,0,0,0,0,0,0,0.0,0.0,0.0,0.0,0.0,0.0,0.0,0.0,0.0,3179,1677,a,,29,0,0.0,1.0,0,0.0,1502,0.0,DEF
2024-25,767,Rawlings,WOL,3,4.5,0,0,0,0,0,0,0,0,0,0,0,0,0,0,0.0,0.0,0.0,0.0,0.0,0.0,0.0,0.0,0.0,1090,685,a,,29,0,0.0,1.0,0,0.0,405,0.0,MID
2024-25,777,Ojinnaka,WOL,3,4.5,0,0,0,0,0,0,0,0,0,0,0,0,0,0,0.0,0.0,0.0,0.0,0.0,0.0,0.0,0.0,0.0,415,333,u,has joined Shrewsbury Town on loan for the rest of the season.,29,0,0.0,1.0,0,0.0,82,0.0,MID
2024-25,778,Sutherland,WOL,3,4.5,0,0,0,0,0,0,0,0,0,0,0,0,0,0,0.0,0.0,0.0,0.0,0.0,0.0,0.0,0.0,0.0,1321,754,a,,29,0,0.0,1.0,0,0.0,567,0.0,MID
2024-25,809,Abbey,WOL,3,4.5,0,0,0,0,0,0,0,0,0,0,0,0,0,0,0.0,0.0,0.0,0.0,0.0,0.0,0.0,0.0,0.0,1142,391,a,,29,0,0.0,1.0,0,0.0,751,0.0,MID
2024-25,816,Angel,WOL,3,4.8,9,237,0,0,1,4,0,0,0,0,0,0,0,52,38.2,45.1,10.0,9.4,1.4,1.5,1.9,0.3,0.0,4377,2485,a,,29,2,3.4177215189873418,0.96,0,1.875,1892,0.09080459770114943,MID
2024-25,817,Armstrong,WOL,4,5.3,15,481,0,2,3,5,0,0,0,2,0,0,0,59,59.4,60.8,13.0,13.4,2.2,2.5,2.8,0.4,0.1,16077,8991,a,,29,5,2.806652806652807,0.9142857142857144,2,2.8301886792452833,7086,0.1842911877394636,FWD
